Wavelength	CoastalAerosol	Blue	Green	Red	NIR	Cirrus	SWIR1	SWIR2	Pan
400	0	0	0	0	0	0	0	0	0
401	0	0	0	0	0	0	0	0	0
402	0	0	0	0	0	0	0	0	0
403	0	0	0	0	0	0	0	0	0
404	0	0	0	0	0	0	0	0	0
405	0	0	0	0	0	0	0	0	0
406	0	0	0	0	0	0	0	0	0
407	0	0	0	0	0	0	0	0	0
408	0	0	0	0	0	0	0	0	0
409	0	0	0	0	0	0	0	0	0
410	0	0	0	0	0	0	0	0	0
411	0	0	0	0	0	0	0	0	0
412	0	0	0	0	0	0	0	0	0
413	0	0	0	0	0	0	0	0	0
414	0	0	0	0	0	0	0	0	0
415	0	0	0	0	0	0	0	0	0
416	0	0	0	0	0	0	0	0	0
417	0	0	0	0	0	0	0	0	0
418	0	0	0	0	0	0	0	0	0
419	0	0	0	0	0	0	0	0	0
420	0	0	0	0	0	0	0	0	0
421	0	0	0	0	0	0	0	0	0
422	0	0	0	0	0	0	0	0	0
423	0	0	0	0	0	0	0	0	0
424	0	0	0	0	0	0	0	0	0
425	0	0	0	0	0	0	0	0	0
426	0	0	0	0	0	0	0	0	0
427	0.00036798	0	0	0	0	0	0	0	0
428	0.00072189	0	0	0	0	0	0	0	0
429	0.00205797	0	0	0	0	0	0	0	0
430	0.00360595	0	0	0	0	0	0	0	0
431	0.00877048	0	0	0	0	0	0	0	0
432	0.0222446	0	0	0	0	0	0	0	0
433	0.07982337	0	0	0	0	0	0	0	0
434	0.23420422	0	0	0	0	0	0	0	0
435	0.49647373	0	0	0	0	0	0	0	0
436	0.76542354	0.0000641	0	0	0	0	0	0	0
437	0.9375785	0.0000879	0	0	0	0	0	0	0
438	0.9763267	0.00012288	0	0	0	0	0	0	0
439	0.98641855	0.00017756	0	0	0	0	0	0	0
440	0.9947381	0.00026465	0	0	0	0	0	0	0
441	0.98839664	0.00040609	0	0	0	0	0	0	0
442	0.97089148	0.00064757	0	0	0	0	0	0	0
443	0.96740282	0.0010627	0	0	0	0	0	0	0
444	0.97595501	0.00180834	0	0	0	0	0	0	0
445	0.98273933	0.00423224	0	0	0	0	0	0	0
446	0.98891443	0.00733809	0	0	0	0	0	0	0
447	1	0.0132065	0	0	0	0	0	0	0
448	0.98661834	0.02738087	0	0	0	0	0	0	0
449	0.87390488	0.06140049	0	0	0	0	0	0	0
450	0.64063799	0.12810045	0	0	0	0	0	0	0
451	0.33599678	0.28426054	0	0	0	0	0	0	0
452	0.13211244	0.52622634	0	0	0	0	0	0	0
453	0.04911467	0.75461823	0	0	0	0	0	0	0
454	0.01938601	0.85015893	0	0	0	0	0	0	0
455	0.00847867	0.87050748	0	0	0	0	0	0	0
456	0.00360224	0.87301528	0	0	0	0	0	0	0
457	0.00169454	0.87386012	0	0	0	0	0	0	0
458	0.00077237	0.87411314	0	0	0	0	0	0	0
459	0.00036698	0.87535989	0	0	0	0	0	0	0
460	0	0.87936622	0	0	0	0	0	0	0
461	0	0.88182181	0	0	0	0	0	0	0
462	0	0.88110375	0	0	0	0	0	0	0
463	0	0.88239449	0	0	0	0	0	0	0
464	0	0.88807994	0	0	0	0	0	0	0
465	0	0.89365971	0	0	0	0	0	0	0
466	0	0.89804703	0	0	0	0	0	0	0
467	0	0.90057266	0	0	0	0	0	0	0
468	0	0.89131784	0	0	0	0	0	0	0
469	0	0.86657351	0	0	0	0	0	0	0
470	0	0.8358435	0	0	0	0	0	0	0
471	0	0.81551754	0	0	0	0	0	0	0
472	0	0.8177281	0	0	0	0	0	0	0
473	0	0.83361632	0	0	0	0	0	0	0
474	0	0.85324347	0	0	0	0	0	0	0
475	0	0.86751264	0	0	0	0	0	0	0
476	0	0.87968469	0	0	0	0	0	0	0
477	0	0.8864091	0	0	0	0	0	0	0
478	0	0.89245307	0	0	0	0	0	0	0
479	0	0.90207016	0	0	0	0	0	0	0
480	0	0.91684681	0	0	0	0	0	0	0
481	0	0.93018711	0	0	0	0	0	0	0
482	0	0.93724215	0	0	0	0	0	0	0
483	0	0.94008964	0	0	0	0	0	0	0
484	0	0.94266725	0	0	0	0	0	0	0
485	0	0.94259858	0	0	0	0	0	0	0
486	0	0.94212455	0	0	0	0	0	0	0
487	0	0.94310826	0	0	0	0	0	0	0
488	0	0.94514865	0	0	0	0	0	0	0.00055981
489	0	0.94699287	0	0	0	0	0	0	0.00071401
490	0	0.94705468	0	0	0	0	0	0	0.00094114
491	0	0.94369674	0	0	0	0	0	0	0.00127548
492	0	0.92798311	0	0	0	0	0	0	0.00279056
493	0	0.90826762	0	0	0	0	0	0	0.00389131
494	0	0.89631408	0	0	0	0	0	0	0.00561835
495	0	0.90117168	0	0	0	0	0	0	0.00819427
496	0	0.92790043	0	0	0	0	0	0	0.01260893
497	0	0.95433879	0	0	0	0	0	0	0.02082734
498	0	0.95914739	0	0	0	0	0	0	0.03512893
499	0	0.94807255	0	0	0	0	0	0	0.06172826
500	0	0.95188999	0	0	0	0	0	0	0.11756328
501	0	0.96618539	0	0	0	0	0	0	0.20695142
502	0	0.98983949	0	0	0	0	0	0	0.35047555
503	0	1	0	0	0	0	0	0	0.51840705
504	0	0.98322678	0	0	0	0	0	0	0.6468308
505	0	0.95298815	0	0	0	0	0	0	0.71721101
506	0	0.92356867	0	0	0	0	0	0	0.73891264
507	0	0.91930556	0	0	0	0	0	0	0.73804098
508	0	0.94349515	0	0	0	0	0	0	0.73227501
509	0	0.95687258	0	0	0	0	0	0	0.73230338
510	0	0.92322963	0	0	0	0	0	0	0.73795259
511	0	0.79937828	0	0	0	0	0	0	0.74557811
512	0	0.41356644	0.00032837	0	0	0	0	0	0.74958354
513	0	0.11275553	0.00040286	0	0	0	0	0	0.75100011
514	0	0.03274055	0.0004889	0	0	0	0	0	0.7456966
515	0	0.01292293	0.00058934	0	0	0	0	0	0.73948652
516	0	0.00580021	0.00071741	0	0	0	0	0	0.73433906
517	0	0.00378357	0.00087833	0	0	0	0	0	0.73298591
518	0	0.00263001	0.00109091	0	0	0	0	0	0.73755181
519	0	0.00204936	0.00138202	0	0	0	0	0	0.74583215
520	0	0.0016022	0.00179561	0	0	0	0	0	0.75320041
521	0	0.00113626	0.0031737	0	0	0	0	0	0.75733781
522	0	0.00072538	0.0043149	0	0	0	0	0	0.75563645
523	0	0.00045327	0.00613501	0	0	0	0	0	0.75066346
524	0	0.00030357	0.00918434	0	0	0	0	0	0.74712878
525	0	0.00022787	0.01332811	0	0	0	0	0	0.74614233
526	0	0.00019309	0.02006346	0	0	0	0	0	0.75046557
527	0	0.00018524	0.03120767	0	0	0	0	0	0.757276
528	0	0.00019598	0.04959156	0	0	0	0	0	0.76255763
529	0	0.00021502	0.0839209	0	0	0	0	0	0.76933599
530	0	0.00022982	0.14227405	0	0	0	0	0	0.76426119
531	0	0	0.23764506	0	0	0	0	0	0.76089823
532	0	0	0.38256499	0	0	0	0	0	0.75593781
533	0	0	0.52805549	0	0	0	0	0	0.74580657
534	0	0	0.72555327	0	0	0	0	0	0.73709416
535	0	0	0.86100316	0	0	0	0	0	0.75071329
536	0	0	0.91004026	0	0	0	0	0	0.74780136
537	0	0	0.951415	0	0	0	0	0	0.76249135
538	0	0	0.96025926	0	0	0	0	0	0.76414043
539	0	0	0.96094787	0	0	0	0	0	0.75922489
540	0	0	0.95796889	0	0	0	0	0	0.74998683
541	0	0	0.95961404	0	0	0	0	0	0.74630529
542	0	0	0.96103942	0	0	0	0	0	0.74671257
543	0	0	0.96782357	0	0	0	0	0	0.75543088
544	0	0	0.9674781	0	0	0	0	0	0.75887173
545	0	0	0.97103971	0	0	0	0	0	0.76089638
546	0	0	0.97596765	0	0	0	0	0	0.7569015
547	0	0	0.96995008	0	0	0	0	0	0.74005193
548	0	0	0.96583647	0	0	0	0	0	0.72667593
549	0	0	0.96272808	0	0	0	0	0	0.7193951
550	0	0	0.97035348	0	0	0	0	0	0.72856003
551	0	0	0.97657537	0	0	0	0	0	0.74397302
552	0	0	0.98478532	0	0	0	0	0	0.76320368
553	0	0	0.9922418	0	0	0	0	0	0.78191006
554	0	0	0.99788576	0	0	0	0	0	0.79408318
555	0	0	0.99755067	0	0	0	0	0	0.79531306
556	0	0	0.99513662	0	0	0	0	0	0.79247105
557	0	0	0.99290431	0	0	0	0	0	0.78975105
558	0	0	0.99221069	0	0	0	0	0	0.79136306
559	0	0	0.99147564	0	0	0	0	0	0.79676938
560	0	0	0.99039567	0	0	0	0	0	0.80500394
561	0	0	0.98744887	0	0	0	0	0	0.81197274
562	0	0	0.98513204	0	0	0	0	0	0.81878418
563	0	0	0.98482645	0	0	0	0	0	0.82147866
564	0	0	0.98690718	0	0	0	0	0	0.81793523
565	0	0	0.99114877	0	0	0	0	0	0.80917293
566	0	0	0.99476624	0	0	0	0	0	0.79949307
567	0	0	0.99384189	0	0	0	0	0	0.79439282
568	0	0	0.99101716	0	0	0	0	0	0.79288369
569	0	0	0.98722148	0	0	0	0	0	0.80010444
570	0	0	0.9837451	0	0	0	0	0	0.80942148
571	0	0	0.9834832	0	0	0	0	0	0.81826901
572	0	0	0.98670214	0	0	0	0	0	0.82481748
573	0	0	0.99195403	0	0	0	0	0	0.82645559
574	0	0	0.9963057	0	0	0	0	0	0.82283205
575	0	0	0.99934655	0	0	0	0	0	0.81772399
576	0	0	1	0	0	0	0	0	0.81348199
577	0	0	0.99947429	0	0	0	0	0	0.81432569
578	0	0	0.99812734	0	0	0	0	0	0.81980091
579	0	0	0.99595124	0	0	0	0	0	0.82896656
580	0	0	0.98932058	0	0	0	0	0	0.83787513
581	0	0	0.97415423	0	0	0	0	0	0.84118545
582	0	0	0.9492411	0	0	0	0	0	0.83640194
583	0	0	0.93502551	0	0	0	0	0	0.82991207
584	0	0	0.92853642	0	0	0	0	0	0.82210898
585	0	0	0.93185908	0	0	0	0	0	0.81671482
586	0	0	0.92724669	0	0	0	0	0	0.81798512
587	0	0	0.86449587	0	0	0	0	0	0.82558936
588	0	0	0.71098262	0	0	0	0	0	0.8370055
589	0	0	0.51626664	0	0	0	0	0	0.84746104
590	0	0	0.34508252	0	0	0	0	0	0.85366464
591	0	0	0.21616927	0	0	0	0	0	0.8550694
592	0	0	0.12075645	0	0	0	0	0	0.85333455
593	0	0	0.05834393	0	0	0	0	0	0.85258639
594	0	0	0.0269463	0	0	0	0	0	0.85494232
595	0	0	0.01243138	0	0	0	0	0	0.86125129
596	0	0	0.00607649	0	0	0	0	0	0.87052053
597	0	0	0.00376825	0	0	0	0	0	0.87891728
598	0	0	0.00202133	0	0	0	0	0	0.8835094
599	0	0	0.00115144	0	0	0	0	0	0.88422352
600	0	0	0.00069334	0	0	0	0	0	0.8804276
601	0	0	0.00044097	0	0	0	0	0	0.87636942
602	0	0	0.00029608	0	0	0	0	0	0.87454921
603	0	0	0.00021146	0	0	0	0	0	0.87427628
604	0	0	0.0001599	0	0	0	0	0	0.87942135
605	0	0	0.00012726	0	0	0	0	0	0.88424522
606	0	0	0.00010823	0	0	0	0	0	0.88828981
607	0	0	0.00009787	0	0	0	0	0	0.89149511
608	0	0	0.0000954	0	0	0	0	0	0.88984776
609	0	0	0.00010035	0	0	0	0	0	0.88692278
610	0	0	0.00011262	0	0	0	0	0	0.88409555
611	0	0	0	0	0	0	0	0	0.8844744
612	0	0	0	0	0	0	0	0	0.88792205
613	0	0	0	0	0	0	0	0	0.89509708
614	0	0	0	0	0	0	0	0	0.90393478
615	0	0	0	0	0	0	0	0	0.91256452
616	0	0	0	0	0	0	0	0	0.91933519
617	0	0	0	0	0	0	0	0	0.92318392
618	0	0	0	0	0	0	0	0	0.92334908
619	0	0	0	0	0	0	0	0	0.92322367
620	0	0	0	0	0	0	0	0	0.92271727
621	0	0	0	0	0	0	0	0	0.92207175
622	0	0	0	0	0	0	0	0	0.92361712
623	0	0	0	0	0	0	0	0	0.92525572
624	0	0	0	0	0	0	0	0	0.9287647
625	0	0	0	0.00052217	0	0	0	0	0.93246269
626	0	0	0	0.00080255	0	0	0	0	0.93536609
627	0	0	0	0.00127569	0	0	0	0	0.93693691
628	0	0	0	0.00211028	0	0	0	0	0.93770206
629	0	0	0	0.00370259	0	0	0	0	0.93660849
630	0	0	0	0.00813655	0	0	0	0	0.93482065
631	0	0	0	0.01448322	0	0	0	0	0.93340796
632	0	0	0	0.02730471	0	0	0	0	0.93537968
633	0	0	0	0.06150362	0	0	0	0	0.93697798
634	0	0	0	0.12960456	0	0	0	0	0.94104928
635	0	0	0	0.27599216	0	0	0	0	0.94614661
636	0	0	0	0.50833505	0	0	0	0	0.95185488
637	0	0	0	0.77823377	0	0	0	0	0.95627266
638	0	0	0	0.93229699	0	0	0	0	0.95843077
639	0	0	0	0.96630949	0	0	0	0	0.95736688
640	0	0	0	0.98264039	0	0	0	0	0.95565981
641	0	0	0	0.98610568	0	0	0	0	0.95283598
642	0	0	0	0.98616272	0	0	0	0	0.95041174
643	0	0	0	0.98130625	0	0	0	0	0.94886798
644	0	0	0	0.97365528	0	0	0	0	0.94887251
645	0	0	0	0.96917254	0	0	0	0	0.95064622
646	0	0	0	0.97131443	0	0	0	0	0.95328224
647	0	0	0	0.98079836	0	0	0	0	0.95691651
648	0	0	0	0.99271876	0	0	0	0	0.9610467
649	0	0	0	1	0	0	0	0	0.96566254
650	0	0	0	0.99686712	0	0	0	0	0.96974039
651	0	0	0	0.98542011	0	0	0	0	0.97312099
652	0	0	0	0.97099334	0	0	0	0	0.97521871
653	0	0	0	0.96106452	0	0	0	0	0.97489649
654	0	0	0	0.96065092	0	0	0	0	0.972332
655	0	0	0	0.96868747	0	0	0	0	0.96867853
656	0	0	0	0.98070163	0	0	0	0	0.96464068
657	0	0	0	0.98551208	0	0	0	0	0.96061975
658	0	0	0	0.98893887	0	0	0	0	0.96397477
659	0	0	0	0.98082989	0	0	0	0	0.96756929
660	0	0	0	0.96791947	0	0	0	0	0.97273779
661	0	0	0	0.96308017	0	0	0	0	0.98216408
662	0	0	0	0.9632839	0	0	0	0	0.9869532
663	0	0	0	0.97127014	0	0	0	0	0.98877376
664	0	0	0	0.98161477	0	0	0	0	0.98864222
665	0	0	0	0.98756588	0	0	0	0	0.98769355
666	0	0	0	0.98632258	0	0	0	0	0.98701572
667	0	0	0	0.98053038	0	0	0	0	0.98726958
668	0	0	0	0.9798553	0	0	0	0	0.99141115
669	0	0	0	0.98061383	0	0	0	0	0.99577439
670	0	0	0	0.96493137	0	0	0	0	1
671	0	0	0	0.85955077	0	0	0	0	0.99740297
672	0	0	0	0.66807359	0	0	0	0	0.98136055
673	0	0	0	0.41698042	0	0	0	0	0.92713571
674	0	0	0	0.21568851	0	0	0	0	0.79344761
675	0	0	0	0.10535625	0	0	0	0	0.593741
676	0	0	0	0.05208358	0	0	0	0	0.38244858
677	0	0	0	0.02525648	0	0	0	0	0.22371659
678	0	0	0	0.01293051	0	0	0	0	0.13053322
679	0	0	0	0.0067002	0	0	0	0	0.07709492
680	0	0	0	0.00366779	0	0	0	0	0.04784917
681	0	0	0	0.00210889	0	0	0	0	0.03124457
682	0	0	0	0.00125278	0	0	0	0	0.02128481
683	0	0	0	0.00098495	0	0	0	0	0.01692485
684	0	0	0	0.00070233	0	0	0	0	0.01253418
685	0	0	0	0.00054765	0	0	0	0	0.00931615
686	0	0	0	0.00040268	0	0	0	0	0.00690109
687	0	0	0	0.00034113	0	0	0	0	0.00516988
688	0	0	0	0.00027893	0	0	0	0	0.00380522
689	0	0	0	0.00026856	0	0	0	0	0.00285749
690	0	0	0	0.00016362	0	0	0	0	0.00203169
691	0	0	0	0.00013298	0	0	0	0	0.00146685
692	0	0	0	0	0	0	0	0	0.00104939
693	0	0	0	0	0	0	0	0	0
694	0	0	0	0	0	0	0	0	0
695	0	0	0	0	0	0	0	0	0
696	0	0	0	0	0	0	0	0	0
697	0	0	0	0	0	0	0	0	0
698	0	0	0	0	0	0	0	0	0
699	0	0	0	0	0	0	0	0	0
700	0	0	0	0	0	0	0	0	0
701	0	0	0	0	0	0	0	0	0
702	0	0	0	0	0	0	0	0	0
703	0	0	0	0	0	0	0	0	0
704	0	0	0	0	0	0	0	0	0
705	0	0	0	0	0	0	0	0	0
706	0	0	0	0	0	0	0	0	0
707	0	0	0	0	0	0	0	0	0
708	0	0	0	0	0	0	0	0	0
709	0	0	0	0	0	0	0	0	0
710	0	0	0	0	0	0	0	0	0
711	0	0	0	0	0	0	0	0	0
712	0	0	0	0	0	0	0	0	0
713	0	0	0	0	0	0	0	0	0
714	0	0	0	0	0	0	0	0	0
715	0	0	0	0	0	0	0	0	0
716	0	0	0	0	0	0	0	0	0
717	0	0	0	0	0	0	0	0	0
718	0	0	0	0	0	0	0	0	0
719	0	0	0	0	0	0	0	0	0
720	0	0	0	0	0	0	0	0	0
721	0	0	0	0	0	0	0	0	0
722	0	0	0	0	0	0	0	0	0
723	0	0	0	0	0	0	0	0	0
724	0	0	0	0	0	0	0	0	0
725	0	0	0	0	0	0	0	0	0
726	0	0	0	0	0	0	0	0	0
727	0	0	0	0	0	0	0	0	0
728	0	0	0	0	0	0	0	0	0
729	0	0	0	0	0	0	0	0	0
730	0	0	0	0	0	0	0	0	0
731	0	0	0	0	0	0	0	0	0
732	0	0	0	0	0	0	0	0	0
733	0	0	0	0	0	0	0	0	0
734	0	0	0	0	0	0	0	0	0
735	0	0	0	0	0	0	0	0	0
736	0	0	0	0	0	0	0	0	0
737	0	0	0	0	0	0	0	0	0
738	0	0	0	0	0	0	0	0	0
739	0	0	0	0	0	0	0	0	0
740	0	0	0	0	0	0	0	0	0
741	0	0	0	0	0	0	0	0	0
742	0	0	0	0	0	0	0	0	0
743	0	0	0	0	0	0	0	0	0
744	0	0	0	0	0	0	0	0	0
745	0	0	0	0	0	0	0	0	0
746	0	0	0	0	0	0	0	0	0
747	0	0	0	0	0	0	0	0	0
748	0	0	0	0	0	0	0	0	0
749	0	0	0	0	0	0	0	0	0
750	0	0	0	0	0	0	0	0	0
751	0	0	0	0	0	0	0	0	0
752	0	0	0	0	0	0	0	0	0
753	0	0	0	0	0	0	0	0	0
754	0	0	0	0	0	0	0	0	0
755	0	0	0	0	0	0	0	0	0
756	0	0	0	0	0	0	0	0	0
757	0	0	0	0	0	0	0	0	0
758	0	0	0	0	0	0	0	0	0
759	0	0	0	0	0	0	0	0	0
760	0	0	0	0	0	0	0	0	0
761	0	0	0	0	0	0	0	0	0
762	0	0	0	0	0	0	0	0	0
763	0	0	0	0	0	0	0	0	0
764	0	0	0	0	0	0	0	0	0
765	0	0	0	0	0	0	0	0	0
766	0	0	0	0	0	0	0	0	0
767	0	0	0	0	0	0	0	0	0
768	0	0	0	0	0	0	0	0	0
769	0	0	0	0	0	0	0	0	0
770	0	0	0	0	0	0	0	0	0
771	0	0	0	0	0	0	0	0	0
772	0	0	0	0	0	0	0	0	0
773	0	0	0	0	0	0	0	0	0
774	0	0	0	0	0	0	0	0	0
775	0	0	0	0	0	0	0	0	0
776	0	0	0	0	0	0	0	0	0
777	0	0	0	0	0	0	0	0	0
778	0	0	0	0	0	0	0	0	0
779	0	0	0	0	0	0	0	0	0
780	0	0	0	0	0	0	0	0	0
781	0	0	0	0	0	0	0	0	0
782	0	0	0	0	0	0	0	0	0
783	0	0	0	0	0	0	0	0	0
784	0	0	0	0	0	0	0	0	0
785	0	0	0	0	0	0	0	0	0
786	0	0	0	0	0	0	0	0	0
787	0	0	0	0	0	0	0	0	0
788	0	0	0	0	0	0	0	0	0
789	0	0	0	0	0	0	0	0	0
790	0	0	0	0	0	0	0	0	0
791	0	0	0	0	0	0	0	0	0
792	0	0	0	0	0	0	0	0	0
793	0	0	0	0	0	0	0	0	0
794	0	0	0	0	0	0	0	0	0
795	0	0	0	0	0	0	0	0	0
796	0	0	0	0	0	0	0	0	0
797	0	0	0	0	0	0	0	0	0
798	0	0	0	0	0	0	0	0	0
799	0	0	0	0	0	0	0	0	0
800	0	0	0	0	0	0	0	0	0
801	0	0	0	0	0	0	0	0	0
802	0	0	0	0	0	0	0	0	0
803	0	0	0	0	0	0	0	0	0
804	0	0	0	0	0	0	0	0	0
805	0	0	0	0	0	0	0	0	0
806	0	0	0	0	0	0	0	0	0
807	0	0	0	0	0	0	0	0	0
808	0	0	0	0	0	0	0	0	0
809	0	0	0	0	0	0	0	0	0
810	0	0	0	0	0	0	0	0	0
811	0	0	0	0	0	0	0	0	0
812	0	0	0	0	0	0	0	0	0
813	0	0	0	0	0	0	0	0	0
814	0	0	0	0	0	0	0	0	0
815	0	0	0	0	0	0	0	0	0
816	0	0	0	0	0	0	0	0	0
817	0	0	0	0	0	0	0	0	0
818	0	0	0	0	0	0	0	0	0
819	0	0	0	0	0	0	0	0	0
820	0	0	0	0	0	0	0	0	0
821	0	0	0	0	0	0	0	0	0
822	0	0	0	0	0	0	0	0	0
823	0	0	0	0	0	0	0	0	0
824	0	0	0	0	0	0	0	0	0
825	0	0	0	0	0	0	0	0	0
826	0	0	0	0	0	0	0	0	0
827	0	0	0	0	0	0	0	0	0
828	0	0	0	0	0	0	0	0	0
829	0	0	0	0	0.00045004	0.00045004	0.00045004	0.00045004	0
830	0	0	0	0	0.00047554	0.00047554	0.00047554	0.00047554	0
831	0	0	0	0	0.0005924	0.0005924	0.0005924	0.0005924	0
832	0	0	0	0	0.00071486	0.00071486	0.00071486	0.00071486	0
833	0	0	0	0	0.00083731	0.00083731	0.00083731	0.00083731	0
834	0	0	0	0	0.00095976	0.00095976	0.00095976	0.00095976	0
835	0	0	0	0	0.00108221	0.00108221	0.00108221	0.00108221	0
836	0	0	0	0	0.00124527	0.00124527	0.00124527	0.00124527	0
837	0	0	0	0	0.00159663	0.00159663	0.00159663	0.00159663	0
838	0	0	0	0	0.00209522	0.00209522	0.00209522	0.00209522	0
839	0	0	0	0	0.00282196	0.00282196	0.00282196	0.00282196	0
840	0	0	0	0	0.00389035	0.00389035	0.00389035	0.00389035	0
841	0	0	0	0	0.00557772	0.00557772	0.00557772	0.00557772	0
842	0	0	0	0	0.00840453	0.00840453	0.00840453	0.00840453	0
843	0	0	0	0	0.0121997	0.0121997	0.0121997	0.0121997	0
844	0	0	0	0	0.01910023	0.01910023	0.01910023	0.01910023	0
845	0	0	0	0	0.03112408	0.03112408	0.03112408	0.03112408	0
846	0	0	0	0	0.0518628	0.0518628	0.0518628	0.0518628	0
847	0	0	0	0	0.09260266	0.09260266	0.09260266	0.09260266	0
848	0	0	0	0	0.1572693	0.1572693	0.1572693	0.1572693	0
849	0	0	0	0	0.27197644	0.27197644	0.27197644	0.27197644	0
850	0	0	0	0	0.44460031	0.44460031	0.44460031	0.44460031	0
851	0	0	0	0	0.64932525	0.64932525	0.64932525	0.64932525	0
852	0	0	0	0	0.83474088	0.83474088	0.83474088	0.83474088	0
853	0	0	0	0	0.94093359	0.94093359	0.94093359	0.94093359	0
854	0	0	0	0	0.98152208	0.98152208	0.98152208	0.98152208	0
855	0	0	0	0	0.99064982	0.99064982	0.99064982	0.99064982	0
856	0	0	0	0	0.98923784	0.98923784	0.98923784	0.98923784	0
857	0	0	0	0	0.98816001	0.98816001	0.98816001	0.98816001	0
858	0	0	0	0	0.98943096	0.98943096	0.98943096	0.98943096	0
859	0	0	0	0	0.99220061	0.99220061	0.99220061	0.99220061	0
860	0	0	0	0	0.99498791	0.99498791	0.99498791	0.99498791	0
861	0	0	0	0	0.99694198	0.99694198	0.99694198	0.99694198	0
862	0	0	0	0	0.99800861	0.99800861	0.99800861	0.99800861	0
863	0	0	0	0	0.99821723	0.99821723	0.99821723	0.99821723	0
864	0	0	0	0	0.99814546	0.99814546	0.99814546	0.99814546	0
865	0	0	0	0	0.99809587	0.99809587	0.99809587	0.99809587	0
866	0	0	0	0	0.99818242	0.99818242	0.99818242	0.99818242	0
867	0	0	0	0	0.99900395	0.99900395	0.99900395	0.99900395	0
868	0	0	0	0	0.99929279	0.99929279	0.99929279	0.99929279	0
869	0	0	0	0	0.99940193	0.99940193	0.99940193	0.99940193	0
870	0	0	0	0	0.99973387	0.99973387	0.99973387	0.99973387	0
871	0	0	0	0	0.9998185	0.9998185	0.9998185	0.9998185	0
872	0	0	0	0	1	1	1	1	0
873	0	0	0	0	0.9999913	0.9999913	0.9999913	0.9999913	0
874	0	0	0	0	0.99643683	0.99643683	0.99643683	0.99643683	0
875	0	0	0	0	0.97451699	0.97451699	0.97451699	0.97451699	0
876	0	0	0	0	0.9297142	0.9297142	0.9297142	0.9297142	0
877	0	0	0	0	0.83448619	0.83448619	0.83448619	0.83448619	0
878	0	0	0	0	0.68116772	0.68116772	0.68116772	0.68116772	0
879	0	0	0	0	0.49675167	0.49675167	0.49675167	0.49675167	0
880	0	0	0	0	0.31920305	0.31920305	0.31920305	0.31920305	0
881	0	0	0	0	0.19073001	0.19073001	0.19073001	0.19073001	0
882	0	0	0	0	0.11139899	0.11139899	0.11139899	0.11139899	0
883	0	0	0	0	0.06462797	0.06462797	0.06462797	0.06462797	0
884	0	0	0	0	0.03681539	0.03681539	0.03681539	0.03681539	0
885	0	0	0	0	0.02192838	0.02192838	0.02192838	0.02192838	0
886	0	0	0	0	0.01321336	0.01321336	0.01321336	0.01321336	0
887	0	0	0	0	0.00764328	0.00764328	0.00764328	0.00764328	0
888	0	0	0	0	0.00490463	0.00490463	0.00490463	0.00490463	0
889	0	0	0	0	0.00311586	0.00311586	0.00311586	0.00311586	0
890	0	0	0	0	0.00199918	0.00199918	0.00199918	0.00199918	0
891	0	0	0	0	0.00132245	0.00132245	0.00132245	0.00132245	0
892	0	0	0	0	0.00088339	0.00088339	0.00088339	0.00088339	0
893	0	0	0	0	0.00059439	0.00059439	0.00059439	0.00059439	0
894	0	0	0	0	0.00041175	0.00041175	0.00041175	0.00041175	0
895	0	0	0	0	0.00032689	0.00032689	0.00032689	0.00032689	0
896	0	0	0	0	0.00026968	0.00026968	0.00026968	0.00026968	0
897	0	0	0	0	0.00021248	0.00021248	0.00021248	0.00021248	0
898	0	0	0	0	0.00015527	0.00015527	0.00015527	0.00015527	0
899	0	0	0	0	0.00009807	0.00009807	0.00009807	0.00009807	0
900	0	0	0	0	0.00007605	0.00007605	0.00007605	0.00007605	0
901	0	0	0	0	0	0	0	0	0
902	0	0	0	0	0	0	0	0	0
903	0	0	0	0	0	0	0	0	0
904	0	0	0	0	0	0	0	0	0
905	0	0	0	0	0	0	0	0	0
906	0	0	0	0	0	0	0	0	0
907	0	0	0	0	0	0	0	0	0
908	0	0	0	0	0	0	0	0	0
909	0	0	0	0	0	0	0	0	0
910	0	0	0	0	0	0	0	0	0
911	0	0	0	0	0	0	0	0	0
912	0	0	0	0	0	0	0	0	0
913	0	0	0	0	0	0	0	0	0
914	0	0	0	0	0	0	0	0	0
915	0	0	0	0	0	0	0	0	0
916	0	0	0	0	0	0	0	0	0
917	0	0	0	0	0	0	0	0	0
918	0	0	0	0	0	0	0	0	0
919	0	0	0	0	0	0	0	0	0
920	0	0	0	0	0	0	0	0	0
921	0	0	0	0	0	0	0	0	0
922	0	0	0	0	0	0	0	0	0
923	0	0	0	0	0	0	0	0	0
924	0	0	0	0	0	0	0	0	0
925	0	0	0	0	0	0	0	0	0
926	0	0	0	0	0	0	0	0	0
927	0	0	0	0	0	0	0	0	0
928	0	0	0	0	0	0	0	0	0
929	0	0	0	0	0	0	0	0	0
930	0	0	0	0	0	0	0	0	0
931	0	0	0	0	0	0	0	0	0
932	0	0	0	0	0	0	0	0	0
933	0	0	0	0	0	0	0	0	0
934	0	0	0	0	0	0	0	0	0
935	0	0	0	0	0	0	0	0	0
936	0	0	0	0	0	0	0	0	0
937	0	0	0	0	0	0	0	0	0
938	0	0	0	0	0	0	0	0	0
939	0	0	0	0	0	0	0	0	0
940	0	0	0	0	0	0	0	0	0
941	0	0	0	0	0	0	0	0	0
942	0	0	0	0	0	0	0	0	0
943	0	0	0	0	0	0	0	0	0
944	0	0	0	0	0	0	0	0	0
945	0	0	0	0	0	0	0	0	0
946	0	0	0	0	0	0	0	0	0
947	0	0	0	0	0	0	0	0	0
948	0	0	0	0	0	0	0	0	0
949	0	0	0	0	0	0	0	0	0
950	0	0	0	0	0	0	0	0	0
951	0	0	0	0	0	0	0	0	0
952	0	0	0	0	0	0	0	0	0
953	0	0	0	0	0	0	0	0	0
954	0	0	0	0	0	0	0	0	0
955	0	0	0	0	0	0	0	0	0
956	0	0	0	0	0	0	0	0	0
957	0	0	0	0	0	0	0	0	0
958	0	0	0	0	0	0	0	0	0
959	0	0	0	0	0	0	0	0	0
960	0	0	0	0	0	0	0	0	0
961	0	0	0	0	0	0	0	0	0
962	0	0	0	0	0	0	0	0	0
963	0	0	0	0	0	0	0	0	0
964	0	0	0	0	0	0	0	0	0
965	0	0	0	0	0	0	0	0	0
966	0	0	0	0	0	0	0	0	0
967	0	0	0	0	0	0	0	0	0
968	0	0	0	0	0	0	0	0	0
969	0	0	0	0	0	0	0	0	0
970	0	0	0	0	0	0	0	0	0
971	0	0	0	0	0	0	0	0	0
972	0	0	0	0	0	0	0	0	0
973	0	0	0	0	0	0	0	0	0
974	0	0	0	0	0	0	0	0	0
975	0	0	0	0	0	0	0	0	0
976	0	0	0	0	0	0	0	0	0
977	0	0	0	0	0	0	0	0	0
978	0	0	0	0	0	0	0	0	0
979	0	0	0	0	0	0	0	0	0
980	0	0	0	0	0	0	0	0	0
981	0	0	0	0	0	0	0	0	0
982	0	0	0	0	0	0	0	0	0
983	0	0	0	0	0	0	0	0	0
984	0	0	0	0	0	0	0	0	0
985	0	0	0	0	0	0	0	0	0
986	0	0	0	0	0	0	0	0	0
987	0	0	0	0	0	0	0	0	0
988	0	0	0	0	0	0	0	0	0
989	0	0	0	0	0	0	0	0	0
990	0	0	0	0	0	0	0	0	0
991	0	0	0	0	0	0	0	0	0
992	0	0	0	0	0	0	0	0	0
993	0	0	0	0	0	0	0	0	0
994	0	0	0	0	0	0	0	0	0
995	0	0	0	0	0	0	0	0	0
996	0	0	0	0	0	0	0	0	0
997	0	0	0	0	0	0	0	0	0
998	0	0	0	0	0	0	0	0	0
999	0	0	0	0	0	0	0	0	0
1000	0	0	0	0	0	0	0	0	0
1001	0	0	0	0	0	0	0	0	0
1002	0	0	0	0	0	0	0	0	0
1003	0	0	0	0	0	0	0	0	0
1004	0	0	0	0	0	0	0	0	0
1005	0	0	0	0	0	0	0	0	0
1006	0	0	0	0	0	0	0	0	0
1007	0	0	0	0	0	0	0	0	0
1008	0	0	0	0	0	0	0	0	0
1009	0	0	0	0	0	0	0	0	0
1010	0	0	0	0	0	0	0	0	0
1011	0	0	0	0	0	0	0	0	0
1012	0	0	0	0	0	0	0	0	0
1013	0	0	0	0	0	0	0	0	0
1014	0	0	0	0	0	0	0	0	0
1015	0	0	0	0	0	0	0	0	0
1016	0	0	0	0	0	0	0	0	0
1017	0	0	0	0	0	0	0	0	0
1018	0	0	0	0	0	0	0	0	0
1019	0	0	0	0	0	0	0	0	0
1020	0	0	0	0	0	0	0	0	0
1021	0	0	0	0	0	0	0	0	0
1022	0	0	0	0	0	0	0	0	0
1023	0	0	0	0	0	0	0	0	0
1024	0	0	0	0	0	0	0	0	0
1025	0	0	0	0	0	0	0	0	0
1026	0	0	0	0	0	0	0	0	0
1027	0	0	0	0	0	0	0	0	0
1028	0	0	0	0	0	0	0	0	0
1029	0	0	0	0	0	0	0	0	0
1030	0	0	0	0	0	0	0	0	0
1031	0	0	0	0	0	0	0	0	0
1032	0	0	0	0	0	0	0	0	0
1033	0	0	0	0	0	0	0	0	0
1034	0	0	0	0	0	0	0	0	0
1035	0	0	0	0	0	0	0	0	0
1036	0	0	0	0	0	0	0	0	0
1037	0	0	0	0	0	0	0	0	0
1038	0	0	0	0	0	0	0	0	0
1039	0	0	0	0	0	0	0	0	0
1040	0	0	0	0	0	0	0	0	0
1041	0	0	0	0	0	0	0	0	0
1042	0	0	0	0	0	0	0	0	0
1043	0	0	0	0	0	0	0	0	0
1044	0	0	0	0	0	0	0	0	0
1045	0	0	0	0	0	0	0	0	0
1046	0	0	0	0	0	0	0	0	0
1047	0	0	0	0	0	0	0	0	0
1048	0	0	0	0	0	0	0	0	0
1049	0	0	0	0	0	0	0	0	0
1050	0	0	0	0	0	0	0	0	0
1051	0	0	0	0	0	0	0	0	0
1052	0	0	0	0	0	0	0	0	0
1053	0	0	0	0	0	0	0	0	0
1054	0	0	0	0	0	0	0	0	0
1055	0	0	0	0	0	0	0	0	0
1056	0	0	0	0	0	0	0	0	0
1057	0	0	0	0	0	0	0	0	0
1058	0	0	0	0	0	0	0	0	0
1059	0	0	0	0	0	0	0	0	0
1060	0	0	0	0	0	0	0	0	0
1061	0	0	0	0	0	0	0	0	0
1062	0	0	0	0	0	0	0	0	0
1063	0	0	0	0	0	0	0	0	0
1064	0	0	0	0	0	0	0	0	0
1065	0	0	0	0	0	0	0	0	0
1066	0	0	0	0	0	0	0	0	0
1067	0	0	0	0	0	0	0	0	0
1068	0	0	0	0	0	0	0	0	0
1069	0	0	0	0	0	0	0	0	0
1070	0	0	0	0	0	0	0	0	0
1071	0	0	0	0	0	0	0	0	0
1072	0	0	0	0	0	0	0	0	0
1073	0	0	0	0	0	0	0	0	0
1074	0	0	0	0	0	0	0	0	0
1075	0	0	0	0	0	0	0	0	0
1076	0	0	0	0	0	0	0	0	0
1077	0	0	0	0	0	0	0	0	0
1078	0	0	0	0	0	0	0	0	0
1079	0	0	0	0	0	0	0	0	0
1080	0	0	0	0	0	0	0	0	0
1081	0	0	0	0	0	0	0	0	0
1082	0	0	0	0	0	0	0	0	0
1083	0	0	0	0	0	0	0	0	0
1084	0	0	0	0	0	0	0	0	0
1085	0	0	0	0	0	0	0	0	0
1086	0	0	0	0	0	0	0	0	0
1087	0	0	0	0	0	0	0	0	0
1088	0	0	0	0	0	0	0	0	0
1089	0	0	0	0	0	0	0	0	0
1090	0	0	0	0	0	0	0	0	0
1091	0	0	0	0	0	0	0	0	0
1092	0	0	0	0	0	0	0	0	0
1093	0	0	0	0	0	0	0	0	0
1094	0	0	0	0	0	0	0	0	0
1095	0	0	0	0	0	0	0	0	0
1096	0	0	0	0	0	0	0	0	0
1097	0	0	0	0	0	0	0	0	0
1098	0	0	0	0	0	0	0	0	0
1099	0	0	0	0	0	0	0	0	0
1100	0	0	0	0	0	0	0	0	0
1101	0	0	0	0	0	0	0	0	0
1102	0	0	0	0	0	0	0	0	0
1103	0	0	0	0	0	0	0	0	0
1104	0	0	0	0	0	0	0	0	0
1105	0	0	0	0	0	0	0	0	0
1106	0	0	0	0	0	0	0	0	0
1107	0	0	0	0	0	0	0	0	0
1108	0	0	0	0	0	0	0	0	0
1109	0	0	0	0	0	0	0	0	0
1110	0	0	0	0	0	0	0	0	0
1111	0	0	0	0	0	0	0	0	0
1112	0	0	0	0	0	0	0	0	0
1113	0	0	0	0	0	0	0	0	0
1114	0	0	0	0	0	0	0	0	0
1115	0	0	0	0	0	0	0	0	0
1116	0	0	0	0	0	0	0	0	0
1117	0	0	0	0	0	0	0	0	0
1118	0	0	0	0	0	0	0	0	0
1119	0	0	0	0	0	0	0	0	0
1120	0	0	0	0	0	0	0	0	0
1121	0	0	0	0	0	0	0	0	0
1122	0	0	0	0	0	0	0	0	0
1123	0	0	0	0	0	0	0	0	0
1124	0	0	0	0	0	0	0	0	0
1125	0	0	0	0	0	0	0	0	0
1126	0	0	0	0	0	0	0	0	0
1127	0	0	0	0	0	0	0	0	0
1128	0	0	0	0	0	0	0	0	0
1129	0	0	0	0	0	0	0	0	0
1130	0	0	0	0	0	0	0	0	0
1131	0	0	0	0	0	0	0	0	0
1132	0	0	0	0	0	0	0	0	0
1133	0	0	0	0	0	0	0	0	0
1134	0	0	0	0	0	0	0	0	0
1135	0	0	0	0	0	0	0	0	0
1136	0	0	0	0	0	0	0	0	0
1137	0	0	0	0	0	0	0	0	0
1138	0	0	0	0	0	0	0	0	0
1139	0	0	0	0	0	0	0	0	0
1140	0	0	0	0	0	0	0	0	0
1141	0	0	0	0	0	0	0	0	0
1142	0	0	0	0	0	0	0	0	0
1143	0	0	0	0	0	0	0	0	0
1144	0	0	0	0	0	0	0	0	0
1145	0	0	0	0	0	0	0	0	0
1146	0	0	0	0	0	0	0	0	0
1147	0	0	0	0	0	0	0	0	0
1148	0	0	0	0	0	0	0	0	0
1149	0	0	0	0	0	0	0	0	0
1150	0	0	0	0	0	0	0	0	0
1151	0	0	0	0	0	0	0	0	0
1152	0	0	0	0	0	0	0	0	0
1153	0	0	0	0	0	0	0	0	0
1154	0	0	0	0	0	0	0	0	0
1155	0	0	0	0	0	0	0	0	0
1156	0	0	0	0	0	0	0	0	0
1157	0	0	0	0	0	0	0	0	0
1158	0	0	0	0	0	0	0	0	0
1159	0	0	0	0	0	0	0	0	0
1160	0	0	0	0	0	0	0	0	0
1161	0	0	0	0	0	0	0	0	0
1162	0	0	0	0	0	0	0	0	0
1163	0	0	0	0	0	0	0	0	0
1164	0	0	0	0	0	0	0	0	0
1165	0	0	0	0	0	0	0	0	0
1166	0	0	0	0	0	0	0	0	0
1167	0	0	0	0	0	0	0	0	0
1168	0	0	0	0	0	0	0	0	0
1169	0	0	0	0	0	0	0	0	0
1170	0	0	0	0	0	0	0	0	0
1171	0	0	0	0	0	0	0	0	0
1172	0	0	0	0	0	0	0	0	0
1173	0	0	0	0	0	0	0	0	0
1174	0	0	0	0	0	0	0	0	0
1175	0	0	0	0	0	0	0	0	0
1176	0	0	0	0	0	0	0	0	0
1177	0	0	0	0	0	0	0	0	0
1178	0	0	0	0	0	0	0	0	0
1179	0	0	0	0	0	0	0	0	0
1180	0	0	0	0	0	0	0	0	0
1181	0	0	0	0	0	0	0	0	0
1182	0	0	0	0	0	0	0	0	0
1183	0	0	0	0	0	0	0	0	0
1184	0	0	0	0	0	0	0	0	0
1185	0	0	0	0	0	0	0	0	0
1186	0	0	0	0	0	0	0	0	0
1187	0	0	0	0	0	0	0	0	0
1188	0	0	0	0	0	0	0	0	0
1189	0	0	0	0	0	0	0	0	0
1190	0	0	0	0	0	0	0	0	0
1191	0	0	0	0	0	0	0	0	0
1192	0	0	0	0	0	0	0	0	0
1193	0	0	0	0	0	0	0	0	0
1194	0	0	0	0	0	0	0	0	0
1195	0	0	0	0	0	0	0	0	0
1196	0	0	0	0	0	0	0	0	0
1197	0	0	0	0	0	0	0	0	0
1198	0	0	0	0	0	0	0	0	0
1199	0	0	0	0	0	0	0	0	0
1200	0	0	0	0	0	0	0	0	0
1201	0	0	0	0	0	0	0	0	0
1202	0	0	0	0	0	0	0	0	0
1203	0	0	0	0	0	0	0	0	0
1204	0	0	0	0	0	0	0	0	0
1205	0	0	0	0	0	0	0	0	0
1206	0	0	0	0	0	0	0	0	0
1207	0	0	0	0	0	0	0	0	0
1208	0	0	0	0	0	0	0	0	0
1209	0	0	0	0	0	0	0	0	0
1210	0	0	0	0	0	0	0	0	0
1211	0	0	0	0	0	0	0	0	0
1212	0	0	0	0	0	0	0	0	0
1213	0	0	0	0	0	0	0	0	0
1214	0	0	0	0	0	0	0	0	0
1215	0	0	0	0	0	0	0	0	0
1216	0	0	0	0	0	0	0	0	0
1217	0	0	0	0	0	0	0	0	0
1218	0	0	0	0	0	0	0	0	0
1219	0	0	0	0	0	0	0	0	0
1220	0	0	0	0	0	0	0	0	0
1221	0	0	0	0	0	0	0	0	0
1222	0	0	0	0	0	0	0	0	0
1223	0	0	0	0	0	0	0	0	0
1224	0	0	0	0	0	0	0	0	0
1225	0	0	0	0	0	0	0	0	0
1226	0	0	0	0	0	0	0	0	0
1227	0	0	0	0	0	0	0	0	0
1228	0	0	0	0	0	0	0	0	0
1229	0	0	0	0	0	0	0	0	0
1230	0	0	0	0	0	0	0	0	0
1231	0	0	0	0	0	0	0	0	0
1232	0	0	0	0	0	0	0	0	0
1233	0	0	0	0	0	0	0	0	0
1234	0	0	0	0	0	0	0	0	0
1235	0	0	0	0	0	0	0	0	0
1236	0	0	0	0	0	0	0	0	0
1237	0	0	0	0	0	0	0	0	0
1238	0	0	0	0	0	0	0	0	0
1239	0	0	0	0	0	0	0	0	0
1240	0	0	0	0	0	0	0	0	0
1241	0	0	0	0	0	0	0	0	0
1242	0	0	0	0	0	0	0	0	0
1243	0	0	0	0	0	0	0	0	0
1244	0	0	0	0	0	0	0	0	0
1245	0	0	0	0	0	0	0	0	0
1246	0	0	0	0	0	0	0	0	0
1247	0	0	0	0	0	0	0	0	0
1248	0	0	0	0	0	0	0	0	0
1249	0	0	0	0	0	0	0	0	0
1250	0	0	0	0	0	0	0	0	0
1251	0	0	0	0	0	0	0	0	0
1252	0	0	0	0	0	0	0	0	0
1253	0	0	0	0	0	0	0	0	0
1254	0	0	0	0	0	0	0	0	0
1255	0	0	0	0	0	0	0	0	0
1256	0	0	0	0	0	0	0	0	0
1257	0	0	0	0	0	0	0	0	0
1258	0	0	0	0	0	0	0	0	0
1259	0	0	0	0	0	0	0	0	0
1260	0	0	0	0	0	0	0	0	0
1261	0	0	0	0	0	0	0	0	0
1262	0	0	0	0	0	0	0	0	0
1263	0	0	0	0	0	0	0	0	0
1264	0	0	0	0	0	0	0	0	0
1265	0	0	0	0	0	0	0	0	0
1266	0	0	0	0	0	0	0	0	0
1267	0	0	0	0	0	0	0	0	0
1268	0	0	0	0	0	0	0	0	0
1269	0	0	0	0	0	0	0	0	0
1270	0	0	0	0	0	0	0	0	0
1271	0	0	0	0	0	0	0	0	0
1272	0	0	0	0	0	0	0	0	0
1273	0	0	0	0	0	0	0	0	0
1274	0	0	0	0	0	0	0	0	0
1275	0	0	0	0	0	0	0	0	0
1276	0	0	0	0	0	0	0	0	0
1277	0	0	0	0	0	0	0	0	0
1278	0	0	0	0	0	0	0	0	0
1279	0	0	0	0	0	0	0	0	0
1280	0	0	0	0	0	0	0	0	0
1281	0	0	0	0	0	0	0	0	0
1282	0	0	0	0	0	0	0	0	0
1283	0	0	0	0	0	0	0	0	0
1284	0	0	0	0	0	0	0	0	0
1285	0	0	0	0	0	0	0	0	0
1286	0	0	0	0	0	0	0	0	0
1287	0	0	0	0	0	0	0	0	0
1288	0	0	0	0	0	0	0	0	0
1289	0	0	0	0	0	0	0	0	0
1290	0	0	0	0	0	0	0	0	0
1291	0	0	0	0	0	0	0	0	0
1292	0	0	0	0	0	0	0	0	0
1293	0	0	0	0	0	0	0	0	0
1294	0	0	0	0	0	0	0	0	0
1295	0	0	0	0	0	0	0	0	0
1296	0	0	0	0	0	0	0	0	0
1297	0	0	0	0	0	0	0	0	0
1298	0	0	0	0	0	0	0	0	0
1299	0	0	0	0	0	0	0	0	0
1300	0	0	0	0	0	0	0	0	0
1301	0	0	0	0	0	0	0	0	0
1302	0	0	0	0	0	0	0	0	0
1303	0	0	0	0	0	0	0	0	0
1304	0	0	0	0	0	0	0	0	0
1305	0	0	0	0	0	0	0	0	0
1306	0	0	0	0	0	0	0	0	0
1307	0	0	0	0	0	0	0	0	0
1308	0	0	0	0	0	0	0	0	0
1309	0	0	0	0	0	0	0	0	0
1310	0	0	0	0	0	0	0	0	0
1311	0	0	0	0	0	0	0	0	0
1312	0	0	0	0	0	0	0	0	0
1313	0	0	0	0	0	0	0	0	0
1314	0	0	0	0	0	0	0	0	0
1315	0	0	0	0	0	0	0	0	0
1316	0	0	0	0	0	0	0	0	0
1317	0	0	0	0	0	0	0	0	0
1318	0	0	0	0	0	0	0	0	0
1319	0	0	0	0	0	0	0	0	0
1320	0	0	0	0	0	0	0	0	0
1321	0	0	0	0	0	0	0	0	0
1322	0	0	0	0	0	0	0	0	0
1323	0	0	0	0	0	0	0	0	0
1324	0	0	0	0	0	0	0	0	0
1325	0	0	0	0	0	0	0	0	0
1326	0	0	0	0	0	0	0	0	0
1327	0	0	0	0	0	0	0	0	0
1328	0	0	0	0	0	0	0	0	0
1329	0	0	0	0	0	0	0	0	0
1330	0	0	0	0	0	0	0	0	0
1331	0	0	0	0	0	0	0	0	0
1332	0	0	0	0	0	0	0	0	0
1333	0	0	0	0	0	0	0	0	0
1334	0	0	0	0	0	0	0	0	0
1335	0	0	0	0	0	0	0	0	0
1336	0	0	0	0	0	0	0	0	0
1337	0	0	0	0	0	0	0	0	0
1338	0	0	0	0	0	0	0	0	0
1339	0	0	0	0	0	0	0	0	0
1340	0	0	0	0	0	0.00181957	0.00181957	0.00181957	0
1341	0	0	0	0	0	0.00191541	0.00191541	0.00191541	0
1342	0	0	0	0	0	0.00201124	0.00201124	0.00201124	0
1343	0	0	0	0	0	0.00215505	0.00215505	0.00215505	0
1344	0	0	0	0	0	0.0027176	0.0027176	0.0027176	0
1345	0	0	0	0	0	0.00331767	0.00331767	0.00331767	0
1346	0	0	0	0	0	0.00391773	0.00391773	0.00391773	0
1347	0	0	0	0	0	0.0045178	0.0045178	0.0045178	0
1348	0	0	0	0	0	0.00511786	0.00511786	0.00511786	0
1349	0	0	0	0	0	0.00571792	0.00571792	0.00571792	0
1350	0	0	0	0	0	0.00631799	0.00631799	0.00631799	0
1351	0	0	0	0	0	0.00691805	0.00691805	0.00691805	0
1352	0	0	0	0	0	0.00751811	0.00751811	0.00751811	0
1353	0	0	0	0	0	0.00811818	0.00811818	0.00811818	0
1354	0	0	0	0	0	0.00871824	0.00871824	0.00871824	0
1355	0	0	0	0	0	0.00990706	0.00990706	0.00990706	0
1356	0	0	0	0	0	0.01616448	0.01616448	0.01616448	0
1357	0	0	0	0	0	0.02451379	0.02451379	0.02451379	0
1358	0	0	0	0	0	0.03596721	0.03596721	0.03596721	0
1359	0	0	0	0	0	0.06802955	0.06802955	0.06802955	0
1360	0	0	0	0	0	0.10012802	0.10012802	0.10012802	0
1361	0	0	0	0	0	0.16047798	0.16047798	0.16047798	0
1362	0	0	0	0	0	0.25167426	0.25167426	0.25167426	0
1363	0	0	0	0	0	0.39358041	0.39358041	0.39358041	0
1364	0	0	0	0	0	0.55359846	0.55359846	0.55359846	0
1365	0	0	0	0	0	0.70396084	0.70396084	0.70396084	0
1366	0	0	0	0	0	0.83498162	0.83498162	0.83498162	0
1367	0	0	0	0	0	0.90780383	0.90780383	0.90780383	0
1368	0	0	0	0	0	0.93747765	0.93747765	0.93747765	0
1369	0	0	0	0	0	0.96537817	0.96537817	0.96537817	0
1370	0	0	0	0	0	0.97849137	0.97849137	0.97849137	0
1371	0	0	0	0	0	0.9852438	0.9852438	0.9852438	0
1372	0	0	0	0	0	0.98843849	0.98843849	0.98843849	0
1373	0	0	0	0	0	0.98671889	0.98671889	0.98671889	0
1374	0	0	0	0	0	0.98667437	0.98667437	0.98667437	0
1375	0	0	0	0	0	0.98694527	0.98694527	0.98694527	0
1376	0	0	0	0	0	0.99769294	0.99769294	0.99769294	0
1377	0	0	0	0	0	0.99982244	0.99982244	0.99982244	0
1378	0	0	0	0	0	1	1	1	0
1379	0	0	0	0	0	0.99945843	0.99945843	0.99945843	0
1380	0	0	0	0	0	0.99525571	0.99525571	0.99525571	0
1381	0	0	0	0	0	0.97109288	0.97109288	0.97109288	0
1382	0	0	0	0	0	0.91125011	0.91125011	0.91125011	0
1383	0	0	0	0	0	0.77080137	0.77080137	0.77080137	0
1384	0	0	0	0	0	0.59587407	0.59587407	0.59587407	0
1385	0	0	0	0	0	0.39652625	0.39652625	0.39652625	0
1386	0	0	0	0	0	0.24820989	0.24820989	0.24820989	0
1387	0	0	0	0	0	0.15064585	0.15064585	0.15064585	0
1388	0	0	0	0	0	0.08141971	0.08141971	0.08141971	0
1389	0	0	0	0	0	0.04933405	0.04933405	0.04933405	0
1390	0	0	0	0	0	0.03113159	0.03113159	0.03113159	0
1391	0	0	0	0	0	0.01941472	0.01941472	0.01941472	0
1392	0	0	0	0	0	0.01264709	0.01264709	0.01264709	0
1393	0	0	0	0	0	0.00828117	0.00828117	0.00828117	0
1394	0	0	0	0	0	0.00561062	0.00561062	0.00561062	0
1395	0	0	0	0	0	0.00394612	0.00394612	0.00394612	0
1396	0	0	0	0	0	0.00277805	0.00277805	0.00277805	0
1397	0	0	0	0	0	0.00203723	0.00203723	0.00203723	0
1398	0	0	0	0	0	0.0015287	0.0015287	0.0015287	0
1399	0	0	0	0	0	0.00111888	0.00111888	0.00111888	0
1400	0	0	0	0	0	0.00084564	0.00084564	0.00084564	0
1401	0	0	0	0	0	0.00065722	0.00065722	0.00065722	0
1402	0	0	0	0	0	0.00052074	0.00052074	0.00052074	0
1403	0	0	0	0	0	0.00042036	0.00042036	0.00042036	0
1404	0	0	0	0	0	0.00034685	0.00034685	0.00034685	0
1405	0	0	0	0	0	0.000278	0.000278	0.000278	0
1406	0	0	0	0	0	0.00025316	0.00025316	0.00025316	0
1407	0	0	0	0	0	0.00023463	0.00023463	0.00023463	0
1408	0	0	0	0	0	0.00021611	0.00021611	0.00021611	0
1409	0	0	0	0	0	0.00019758	0.00019758	0.00019758	0
1410	0	0	0	0	0	0	0	0	0
1411	0	0	0	0	0	0	0	0	0
1412	0	0	0	0	0	0	0	0	0
1413	0	0	0	0	0	0	0	0	0
1414	0	0	0	0	0	0	0	0	0
1415	0	0	0	0	0	0	0	0	0
1416	0	0	0	0	0	0	0	0	0
1417	0	0	0	0	0	0	0	0	0
1418	0	0	0	0	0	0	0	0	0
1419	0	0	0	0	0	0	0	0	0
1420	0	0	0	0	0	0	0	0	0
1421	0	0	0	0	0	0	0	0	0
1422	0	0	0	0	0	0	0	0	0
1423	0	0	0	0	0	0	0	0	0
1424	0	0	0	0	0	0	0	0	0
1425	0	0	0	0	0	0	0	0	0
1426	0	0	0	0	0	0	0	0	0
1427	0	0	0	0	0	0	0	0	0
1428	0	0	0	0	0	0	0	0	0
1429	0	0	0	0	0	0	0	0	0
1430	0	0	0	0	0	0	0	0	0
1431	0	0	0	0	0	0	0	0	0
1432	0	0	0	0	0	0	0	0	0
1433	0	0	0	0	0	0	0	0	0
1434	0	0	0	0	0	0	0	0	0
1435	0	0	0	0	0	0	0	0	0
1436	0	0	0	0	0	0	0	0	0
1437	0	0	0	0	0	0	0	0	0
1438	0	0	0	0	0	0	0	0	0
1439	0	0	0	0	0	0	0	0	0
1440	0	0	0	0	0	0	0	0	0
1441	0	0	0	0	0	0	0	0	0
1442	0	0	0	0	0	0	0	0	0
1443	0	0	0	0	0	0	0	0	0
1444	0	0	0	0	0	0	0	0	0
1445	0	0	0	0	0	0	0	0	0
1446	0	0	0	0	0	0	0	0	0
1447	0	0	0	0	0	0	0	0	0
1448	0	0	0	0	0	0	0	0	0
1449	0	0	0	0	0	0	0	0	0
1450	0	0	0	0	0	0	0	0	0
1451	0	0	0	0	0	0	0	0	0
1452	0	0	0	0	0	0	0	0	0
1453	0	0	0	0	0	0	0	0	0
1454	0	0	0	0	0	0	0	0	0
1455	0	0	0	0	0	0	0	0	0
1456	0	0	0	0	0	0	0	0	0
1457	0	0	0	0	0	0	0	0	0
1458	0	0	0	0	0	0	0	0	0
1459	0	0	0	0	0	0	0	0	0
1460	0	0	0	0	0	0	0	0	0
1461	0	0	0	0	0	0	0	0	0
1462	0	0	0	0	0	0	0	0	0
1463	0	0	0	0	0	0	0	0	0
1464	0	0	0	0	0	0	0	0	0
1465	0	0	0	0	0	0	0	0	0
1466	0	0	0	0	0	0	0	0	0
1467	0	0	0	0	0	0	0	0	0
1468	0	0	0	0	0	0	0	0	0
1469	0	0	0	0	0	0	0	0	0
1470	0	0	0	0	0	0	0	0	0
1471	0	0	0	0	0	0	0	0	0
1472	0	0	0	0	0	0	0	0	0
1473	0	0	0	0	0	0	0	0	0
1474	0	0	0	0	0	0	0	0	0
1475	0	0	0	0	0	0	0	0	0
1476	0	0	0	0	0	0	0	0	0
1477	0	0	0	0	0	0	0	0	0
1478	0	0	0	0	0	0	0	0	0
1479	0	0	0	0	0	0	0	0	0
1480	0	0	0	0	0	0	0	0	0
1481	0	0	0	0	0	0	0	0	0
1482	0	0	0	0	0	0	0	0	0
1483	0	0	0	0	0	0	0	0	0
1484	0	0	0	0	0	0	0	0	0
1485	0	0	0	0	0	0	0	0	0
1486	0	0	0	0	0	0	0	0	0
1487	0	0	0	0	0	0	0	0	0
1488	0	0	0	0	0	0	0	0	0
1489	0	0	0	0	0	0	0	0	0
1490	0	0	0	0	0	0	0	0	0
1491	0	0	0	0	0	0	0	0	0
1492	0	0	0	0	0	0	0	0	0
1493	0	0	0	0	0	0	0	0	0
1494	0	0	0	0	0	0	0	0	0
1495	0	0	0	0	0	0	0	0	0
1496	0	0	0	0	0	0	0	0	0
1497	0	0	0	0	0	0	0	0	0
1498	0	0	0	0	0	0	0	0	0
1499	0	0	0	0	0	0	0	0	0
1500	0	0	0	0	0	0	0	0	0
1501	0	0	0	0	0	0	0	0	0
1502	0	0	0	0	0	0	0	0	0
1503	0	0	0	0	0	0	0	0	0
1504	0	0	0	0	0	0	0	0	0
1505	0	0	0	0	0	0	0	0	0
1506	0	0	0	0	0	0	0	0	0
1507	0	0	0	0	0	0	0	0	0
1508	0	0	0	0	0	0	0	0	0
1509	0	0	0	0	0	0	0	0	0
1510	0	0	0	0	0	0	0	0	0
1511	0	0	0	0	0	0	0	0	0
1512	0	0	0	0	0	0	0	0	0
1513	0	0	0	0	0	0	0	0	0
1514	0	0	0	0	0	0	0	0	0
1515	0	0	0	0	0	0	0.00102868	0.00102868	0
1516	0	0	0	0	0	0	0.00111525	0.00111525	0
1517	0	0	0	0	0	0	0.00121016	0.00121016	0
1518	0	0	0	0	0	0	0.0013186	0.0013186	0
1519	0	0	0	0	0	0	0.00144451	0.00144451	0
1520	0	0	0	0	0	0	0.00158035	0.00158035	0
1521	0	0	0	0	0	0	0.00173374	0.00173374	0
1522	0	0	0	0	0	0	0.00192254	0.00192254	0
1523	0	0	0	0	0	0	0.00212096	0.00212096	0
1524	0	0	0	0	0	0	0.00232666	0.00232666	0
1525	0	0	0	0	0	0	0.00257729	0.00257729	0
1526	0	0	0	0	0	0	0.00287014	0.00287014	0
1527	0	0	0	0	0	0	0.00318403	0.00318403	0
1528	0	0	0	0	0	0	0.00355008	0.00355008	0
1529	0	0	0	0	0	0	0.00395633	0.00395633	0
1530	0	0	0	0	0	0	0.00441957	0.00441957	0
1531	0	0	0	0	0	0	0.00496607	0.00496607	0
1532	0	0	0	0	0	0	0.00552726	0.00552726	0
1533	0	0	0	0	0	0	0.00624686	0.00624686	0
1534	0	0	0	0	0	0	0.00699085	0.00699085	0
1535	0	0	0	0	0	0	0.00791399	0.00791399	0
1536	0	0	0	0	0	0	0.00878794	0.00878794	0
1537	0	0	0	0	0	0	0.0095772	0.0095772	0
1538	0	0	0	0	0	0	0.01062994	0.01062994	0
1539	0	0	0	0	0	0	0.01208038	0.01208038	0
1540	0	0	0	0	0	0	0.01363731	0.01363731	0
1541	0	0	0	0	0	0	0.01564604	0.01564604	0
1542	0	0	0	0	0	0	0.01773277	0.01773277	0
1543	0	0	0	0	0	0	0.02050976	0.02050976	0
1544	0	0	0	0	0	0	0.02335322	0.02335322	0
1545	0	0	0	0	0	0	0.02701552	0.02701552	0
1546	0	0	0	0	0	0	0.03067782	0.03067782	0
1547	0	0	0	0	0	0	0.03585456	0.03585456	0
1548	0	0	0	0	0	0	0.04147628	0.04147628	0
1549	0	0	0	0	0	0	0.04862727	0.04862727	0
1550	0	0	0	0	0	0	0.05693988	0.05693988	0
1551	0	0	0	0	0	0	0.0665569	0.0665569	0
1552	0	0	0	0	0	0	0.07723074	0.07723074	0
1553	0	0	0	0	0	0	0.08889236	0.08889236	0
1554	0	0	0	0	0	0	0.10460974	0.10460974	0
1555	0	0	0	0	0	0	0.12268095	0.12268095	0
1556	0	0	0	0	0	0	0.1425285	0.1425285	0
1557	0	0	0	0	0	0	0.16716501	0.16716501	0
1558	0	0	0	0	0	0	0.19407988	0.19407988	0
1559	0	0	0	0	0	0	0.22691402	0.22691402	0
1560	0	0	0	0	0	0	0.26105624	0.26105624	0
1561	0	0	0	0	0	0	0.30004618	0.30004618	0
1562	0	0	0	0	0	0	0.33936566	0.33936566	0
1563	0	0	0	0	0	0	0.38840884	0.38840884	0
1564	0	0	0	0	0	0	0.43883842	0.43883842	0
1565	0	0	0	0	0	0	0.49500111	0.49500111	0
1566	0	0	0	0	0	0	0.54953849	0.54953849	0
1567	0	0	0	0	0	0	0.60172623	0.60172623	0
1568	0	0	0	0	0	0	0.65151227	0.65151227	0
1569	0	0	0	0	0	0	0.69925785	0.69925785	0
1570	0	0	0	0	0	0	0.74280465	0.74280465	0
1571	0	0	0	0	0	0	0.78431123	0.78431123	0
1572	0	0	0	0	0	0	0.81647187	0.81647187	0
1573	0	0	0	0	0	0	0.8476572	0.8476572	0
1574	0	0	0	0	0	0	0.86943054	0.86943054	0
1575	0	0	0	0	0	0	0.88958013	0.88958013	0
1576	0	0	0	0	0	0	0.90365207	0.90365207	0
1577	0	0	0	0	0	0	0.91621089	0.91621089	0
1578	0	0	0	0	0	0	0.92594534	0.92594534	0
1579	0	0	0	0	0	0	0.93301046	0.93301046	0
1580	0	0	0	0	0	0	0.93747759	0.93747759	0
1581	0	0	0	0	0	0	0.94050515	0.94050515	0
1582	0	0	0	0	0	0	0.94241244	0.94241244	0
1583	0	0	0	0	0	0	0.94408292	0.94408292	0
1584	0	0	0	0	0	0	0.94547117	0.94547117	0
1585	0	0	0	0	0	0	0.94619197	0.94619197	0
1586	0	0	0	0	0	0	0.94624329	0.94624329	0
1587	0	0	0	0	0	0	0.94625497	0.94625497	0
1588	0	0	0	0	0	0	0.94622612	0.94622612	0
1589	0	0	0	0	0	0	0.94606429	0.94606429	0
1590	0	0	0	0	0	0	0.94574815	0.94574815	0
1591	0	0	0	0	0	0	0.94553393	0.94553393	0
1592	0	0	0	0	0	0	0.94558442	0.94558442	0
1593	0	0	0	0	0	0	0.94582468	0.94582468	0
1594	0	0	0	0	0	0	0.94627059	0.94627059	0
1595	0	0	0	0	0	0	0.94634467	0.94634467	0
1596	0	0	0	0	0	0	0.94768435	0.94768435	0
1597	0	0	0	0	0	0	0.94801325	0.94801325	0
1598	0	0	0	0	0	0	0.9490751	0.9490751	0
1599	0	0	0	0	0	0	0.95058209	0.95058209	0
1600	0	0	0	0	0	0	0.95202774	0.95202774	0
1601	0	0	0	0	0	0	0.9523024	0.9523024	0
1602	0	0	0	0	0	0	0.95366448	0.95366448	0
1603	0	0	0	0	0	0	0.95503706	0.95503706	0
1604	0	0	0	0	0	0	0.95348102	0.95348102	0
1605	0	0	0	0	0	0	0.95565885	0.95565885	0
1606	0	0	0	0	0	0	0.95655489	0.95655489	0
1607	0	0	0	0	0	0	0.9571594	0.9571594	0
1608	0	0	0	0	0	0	0.95751184	0.95751184	0
1609	0	0	0	0	0	0	0.95777732	0.95777732	0
1610	0	0	0	0	0	0	0.95878011	0.95878011	0
1611	0	0	0	0	0	0	0.96029568	0.96029568	0
1612	0	0	0	0	0	0	0.96157014	0.96157014	0
1613	0	0	0	0	0	0	0.96228975	0.96228975	0
1614	0	0	0	0	0	0	0.96300948	0.96300948	0
1615	0	0	0	0	0	0	0.96425939	0.96425939	0
1616	0	0	0	0	0	0	0.96561593	0.96561593	0
1617	0	0	0	0	0	0	0.96700233	0.96700233	0
1618	0	0	0	0	0	0	0.96843988	0.96843988	0
1619	0	0	0	0	0	0	0.9698503	0.9698503	0
1620	0	0	0	0	0	0	0.97095174	0.97095174	0
1621	0	0	0	0	0	0	0.97284758	0.97284758	0
1622	0	0	0	0	0	0	0.97459286	0.97459286	0
1623	0	0	0	0	0	0	0.97610509	0.97610509	0
1624	0	0	0	0	0	0	0.97767121	0.97767121	0
1625	0	0	0	0	0	0	0.97953802	0.97953802	0
1626	0	0	0	0	0	0	0.98140436	0.98140436	0
1627	0	0	0	0	0	0	0.98274249	0.98274249	0
1628	0	0	0	0	0	0	0.98509848	0.98509848	0
1629	0	0	0	0	0	0	0.98681152	0.98681152	0
1630	0	0	0	0	0	0	0.98781842	0.98781842	0
1631	0	0	0	0	0	0	0.99100113	0.99100113	0
1632	0	0	0	0	0	0	0.99333715	0.99333715	0
1633	0	0	0	0	0	0	0.99528229	0.99528229	0
1634	0	0	0	0	0	0	0.99711514	0.99711514	0
1635	0	0	0	0	0	0	0.99855757	0.99855757	0
1636	0	0	0	0	0	0	1	1	0
1637	0	0	0	0	0	0	0.99876851	0.99876851	0
1638	0	0	0	0	0	0	0.99723363	0.99723363	0
1639	0	0	0	0	0	0	0.9924348	0.9924348	0
1640	0	0	0	0	0	0	0.98559129	0.98559129	0
1641	0	0	0	0	0	0	0.97646844	0.97646844	0
1642	0	0	0	0	0	0	0.96127671	0.96127671	0
1643	0	0	0	0	0	0	0.93863082	0.93863082	0
1644	0	0	0	0	0	0	0.90128821	0.90128821	0
1645	0	0	0	0	0	0	0.86149269	0.86149269	0
1646	0	0	0	0	0	0	0.81432277	0.81432277	0
1647	0	0	0	0	0	0	0.76036841	0.76036841	0
1648	0	0	0	0	0	0	0.70382959	0.70382959	0
1649	0	0	0	0	0	0	0.64186883	0.64186883	0
1650	0	0	0	0	0	0	0.5782938	0.5782938	0
1651	0	0	0	0	0	0	0.5112322	0.5112322	0
1652	0	0	0	0	0	0	0.45091432	0.45091432	0
1653	0	0	0	0	0	0	0.39109415	0.39109415	0
1654	0	0	0	0	0	0	0.33723828	0.33723828	0
1655	0	0	0	0	0	0	0.28662252	0.28662252	0
1656	0	0	0	0	0	0	0.24553978	0.24553978	0
1657	0	0	0	0	0	0	0.20748182	0.20748182	0
1658	0	0	0	0	0	0	0.17609432	0.17609432	0
1659	0	0	0	0	0	0	0.14815453	0.14815453	0
1660	0	0	0	0	0	0	0.12629366	0.12629366	0
1661	0	0	0	0	0	0	0.10593576	0.10593576	0
1662	0	0	0	0	0	0	0.08847605	0.08847605	0
1663	0	0	0	0	0	0	0.07402261	0.07402261	0
1664	0	0	0	0	0	0	0.06265628	0.06265628	0
1665	0	0	0	0	0	0	0.05266043	0.05266043	0
1666	0	0	0	0	0	0	0.04443575	0.04443575	0
1667	0	0	0	0	0	0	0.03732267	0.03732267	0
1668	0	0	0	0	0	0	0.03176107	0.03176107	0
1669	0	0	0	0	0	0	0.02672855	0.02672855	0
1670	0	0	0	0	0	0	0.02271426	0.02271426	0
1671	0	0	0	0	0	0	0.01926102	0.01926102	0
1672	0	0	0	0	0	0	0.01647112	0.01647112	0
1673	0	0	0	0	0	0	0.01399191	0.01399191	0
1674	0	0	0	0	0	0	0.01196509	0.01196509	0
1675	0	0	0	0	0	0	0.01046654	0.01046654	0
1676	0	0	0	0	0	0	0.00944234	0.00944234	0
1677	0	0	0	0	0	0	0.00835179	0.00835179	0
1678	0	0	0	0	0	0	0.00720314	0.00720314	0
1679	0	0	0	0	0	0	0.00619173	0.00619173	0
1680	0	0	0	0	0	0	0.00537047	0.00537047	0
1681	0	0	0	0	0	0	0.00465052	0.00465052	0
1682	0	0	0	0	0	0	0.00405339	0.00405339	0
1683	0	0	0	0	0	0	0.0035255	0.0035255	0
1684	0	0	0	0	0	0	0.00308368	0.00308368	0
1685	0	0	0	0	0	0	0.00269277	0.00269277	0
1686	0	0	0	0	0	0	0.00236559	0.00236559	0
1687	0	0	0	0	0	0	0.00207236	0.00207236	0
1688	0	0	0	0	0	0	0.00182825	0.00182825	0
1689	0	0	0	0	0	0	0.00160853	0.00160853	0
1690	0	0	0	0	0	0	0.00142007	0.00142007	0
1691	0	0	0	0	0	0	0.00126631	0.00126631	0
1692	0	0	0	0	0	0	0.00112938	0.00112938	0
1693	0	0	0	0	0	0	0.00100486	0.00100486	0
1694	0	0	0	0	0	0	0.00090314	0.00090314	0
1695	0	0	0	0	0	0	0.00080678	0.00080678	0
1696	0	0	0	0	0	0	0.00073146	0.00073146	0
1697	0	0	0	0	0	0	0.00065905	0.00065905	0
1698	0	0	0	0	0	0	0	0	0
1699	0	0	0	0	0	0	0	0	0
1700	0	0	0	0	0	0	0	0	0
1701	0	0	0	0	0	0	0	0	0
1702	0	0	0	0	0	0	0	0	0
1703	0	0	0	0	0	0	0	0	0
1704	0	0	0	0	0	0	0	0	0
1705	0	0	0	0	0	0	0	0	0
1706	0	0	0	0	0	0	0	0	0
1707	0	0	0	0	0	0	0	0	0
1708	0	0	0	0	0	0	0	0	0
1709	0	0	0	0	0	0	0	0	0
1710	0	0	0	0	0	0	0	0	0
1711	0	0	0	0	0	0	0	0	0
1712	0	0	0	0	0	0	0	0	0
1713	0	0	0	0	0	0	0	0	0
1714	0	0	0	0	0	0	0	0	0
1715	0	0	0	0	0	0	0	0	0
1716	0	0	0	0	0	0	0	0	0
1717	0	0	0	0	0	0	0	0	0
1718	0	0	0	0	0	0	0	0	0
1719	0	0	0	0	0	0	0	0	0
1720	0	0	0	0	0	0	0	0	0
1721	0	0	0	0	0	0	0	0	0
1722	0	0	0	0	0	0	0	0	0
1723	0	0	0	0	0	0	0	0	0
1724	0	0	0	0	0	0	0	0	0
1725	0	0	0	0	0	0	0	0	0
1726	0	0	0	0	0	0	0	0	0
1727	0	0	0	0	0	0	0	0	0
1728	0	0	0	0	0	0	0	0	0
1729	0	0	0	0	0	0	0	0	0
1730	0	0	0	0	0	0	0	0	0
1731	0	0	0	0	0	0	0	0	0
1732	0	0	0	0	0	0	0	0	0
1733	0	0	0	0	0	0	0	0	0
1734	0	0	0	0	0	0	0	0	0
1735	0	0	0	0	0	0	0	0	0
1736	0	0	0	0	0	0	0	0	0
1737	0	0	0	0	0	0	0	0	0
1738	0	0	0	0	0	0	0	0	0
1739	0	0	0	0	0	0	0	0	0
1740	0	0	0	0	0	0	0	0	0
1741	0	0	0	0	0	0	0	0	0
1742	0	0	0	0	0	0	0	0	0
1743	0	0	0	0	0	0	0	0	0
1744	0	0	0	0	0	0	0	0	0
1745	0	0	0	0	0	0	0	0	0
1746	0	0	0	0	0	0	0	0	0
1747	0	0	0	0	0	0	0	0	0
1748	0	0	0	0	0	0	0	0	0
1749	0	0	0	0	0	0	0	0	0
1750	0	0	0	0	0	0	0	0	0
1751	0	0	0	0	0	0	0	0	0
1752	0	0	0	0	0	0	0	0	0
1753	0	0	0	0	0	0	0	0	0
1754	0	0	0	0	0	0	0	0	0
1755	0	0	0	0	0	0	0	0	0
1756	0	0	0	0	0	0	0	0	0
1757	0	0	0	0	0	0	0	0	0
1758	0	0	0	0	0	0	0	0	0
1759	0	0	0	0	0	0	0	0	0
1760	0	0	0	0	0	0	0	0	0
1761	0	0	0	0	0	0	0	0	0
1762	0	0	0	0	0	0	0	0	0
1763	0	0	0	0	0	0	0	0	0
1764	0	0	0	0	0	0	0	0	0
1765	0	0	0	0	0	0	0	0	0
1766	0	0	0	0	0	0	0	0	0
1767	0	0	0	0	0	0	0	0	0
1768	0	0	0	0	0	0	0	0	0
1769	0	0	0	0	0	0	0	0	0
1770	0	0	0	0	0	0	0	0	0
1771	0	0	0	0	0	0	0	0	0
1772	0	0	0	0	0	0	0	0	0
1773	0	0	0	0	0	0	0	0	0
1774	0	0	0	0	0	0	0	0	0
1775	0	0	0	0	0	0	0	0	0
1776	0	0	0	0	0	0	0	0	0
1777	0	0	0	0	0	0	0	0	0
1778	0	0	0	0	0	0	0	0	0
1779	0	0	0	0	0	0	0	0	0
1780	0	0	0	0	0	0	0	0	0
1781	0	0	0	0	0	0	0	0	0
1782	0	0	0	0	0	0	0	0	0
1783	0	0	0	0	0	0	0	0	0
1784	0	0	0	0	0	0	0	0	0
1785	0	0	0	0	0	0	0	0	0
1786	0	0	0	0	0	0	0	0	0
1787	0	0	0	0	0	0	0	0	0
1788	0	0	0	0	0	0	0	0	0
1789	0	0	0	0	0	0	0	0	0
1790	0	0	0	0	0	0	0	0	0
1791	0	0	0	0	0	0	0	0	0
1792	0	0	0	0	0	0	0	0	0
1793	0	0	0	0	0	0	0	0	0
1794	0	0	0	0	0	0	0	0	0
1795	0	0	0	0	0	0	0	0	0
1796	0	0	0	0	0	0	0	0	0
1797	0	0	0	0	0	0	0	0	0
1798	0	0	0	0	0	0	0	0	0
1799	0	0	0	0	0	0	0	0	0
1800	0	0	0	0	0	0	0	0	0
1801	0	0	0	0	0	0	0	0	0
1802	0	0	0	0	0	0	0	0	0
1803	0	0	0	0	0	0	0	0	0
1804	0	0	0	0	0	0	0	0	0
1805	0	0	0	0	0	0	0	0	0
1806	0	0	0	0	0	0	0	0	0
1807	0	0	0	0	0	0	0	0	0
1808	0	0	0	0	0	0	0	0	0
1809	0	0	0	0	0	0	0	0	0
1810	0	0	0	0	0	0	0	0	0
1811	0	0	0	0	0	0	0	0	0
1812	0	0	0	0	0	0	0	0	0
1813	0	0	0	0	0	0	0	0	0
1814	0	0	0	0	0	0	0	0	0
1815	0	0	0	0	0	0	0	0	0
1816	0	0	0	0	0	0	0	0	0
1817	0	0	0	0	0	0	0	0	0
1818	0	0	0	0	0	0	0	0	0
1819	0	0	0	0	0	0	0	0	0
1820	0	0	0	0	0	0	0	0	0
1821	0	0	0	0	0	0	0	0	0
1822	0	0	0	0	0	0	0	0	0
1823	0	0	0	0	0	0	0	0	0
1824	0	0	0	0	0	0	0	0	0
1825	0	0	0	0	0	0	0	0	0
1826	0	0	0	0	0	0	0	0	0
1827	0	0	0	0	0	0	0	0	0
1828	0	0	0	0	0	0	0	0	0
1829	0	0	0	0	0	0	0	0	0
1830	0	0	0	0	0	0	0	0	0
1831	0	0	0	0	0	0	0	0	0
1832	0	0	0	0	0	0	0	0	0
1833	0	0	0	0	0	0	0	0	0
1834	0	0	0	0	0	0	0	0	0
1835	0	0	0	0	0	0	0	0	0
1836	0	0	0	0	0	0	0	0	0
1837	0	0	0	0	0	0	0	0	0
1838	0	0	0	0	0	0	0	0	0
1839	0	0	0	0	0	0	0	0	0
1840	0	0	0	0	0	0	0	0	0
1841	0	0	0	0	0	0	0	0	0
1842	0	0	0	0	0	0	0	0	0
1843	0	0	0	0	0	0	0	0	0
1844	0	0	0	0	0	0	0	0	0
1845	0	0	0	0	0	0	0	0	0
1846	0	0	0	0	0	0	0	0	0
1847	0	0	0	0	0	0	0	0	0
1848	0	0	0	0	0	0	0	0	0
1849	0	0	0	0	0	0	0	0	0
1850	0	0	0	0	0	0	0	0	0
1851	0	0	0	0	0	0	0	0	0
1852	0	0	0	0	0	0	0	0	0
1853	0	0	0	0	0	0	0	0	0
1854	0	0	0	0	0	0	0	0	0
1855	0	0	0	0	0	0	0	0	0
1856	0	0	0	0	0	0	0	0	0
1857	0	0	0	0	0	0	0	0	0
1858	0	0	0	0	0	0	0	0	0
1859	0	0	0	0	0	0	0	0	0
1860	0	0	0	0	0	0	0	0	0
1861	0	0	0	0	0	0	0	0	0
1862	0	0	0	0	0	0	0	0	0
1863	0	0	0	0	0	0	0	0	0
1864	0	0	0	0	0	0	0	0	0
1865	0	0	0	0	0	0	0	0	0
1866	0	0	0	0	0	0	0	0	0
1867	0	0	0	0	0	0	0	0	0
1868	0	0	0	0	0	0	0	0	0
1869	0	0	0	0	0	0	0	0	0
1870	0	0	0	0	0	0	0	0	0
1871	0	0	0	0	0	0	0	0	0
1872	0	0	0	0	0	0	0	0	0
1873	0	0	0	0	0	0	0	0	0
1874	0	0	0	0	0	0	0	0	0
1875	0	0	0	0	0	0	0	0	0
1876	0	0	0	0	0	0	0	0	0
1877	0	0	0	0	0	0	0	0	0
1878	0	0	0	0	0	0	0	0	0
1879	0	0	0	0	0	0	0	0	0
1880	0	0	0	0	0	0	0	0	0
1881	0	0	0	0	0	0	0	0	0
1882	0	0	0	0	0	0	0	0	0
1883	0	0	0	0	0	0	0	0	0
1884	0	0	0	0	0	0	0	0	0
1885	0	0	0	0	0	0	0	0	0
1886	0	0	0	0	0	0	0	0	0
1887	0	0	0	0	0	0	0	0	0
1888	0	0	0	0	0	0	0	0	0
1889	0	0	0	0	0	0	0	0	0
1890	0	0	0	0	0	0	0	0	0
1891	0	0	0	0	0	0	0	0	0
1892	0	0	0	0	0	0	0	0	0
1893	0	0	0	0	0	0	0	0	0
1894	0	0	0	0	0	0	0	0	0
1895	0	0	0	0	0	0	0	0	0
1896	0	0	0	0	0	0	0	0	0
1897	0	0	0	0	0	0	0	0	0
1898	0	0	0	0	0	0	0	0	0
1899	0	0	0	0	0	0	0	0	0
1900	0	0	0	0	0	0	0	0	0
1901	0	0	0	0	0	0	0	0	0
1902	0	0	0	0	0	0	0	0	0
1903	0	0	0	0	0	0	0	0	0
1904	0	0	0	0	0	0	0	0	0
1905	0	0	0	0	0	0	0	0	0
1906	0	0	0	0	0	0	0	0	0
1907	0	0	0	0	0	0	0	0	0
1908	0	0	0	0	0	0	0	0	0
1909	0	0	0	0	0	0	0	0	0
1910	0	0	0	0	0	0	0	0	0
1911	0	0	0	0	0	0	0	0	0
1912	0	0	0	0	0	0	0	0	0
1913	0	0	0	0	0	0	0	0	0
1914	0	0	0	0	0	0	0	0	0
1915	0	0	0	0	0	0	0	0	0
1916	0	0	0	0	0	0	0	0	0
1917	0	0	0	0	0	0	0	0	0
1918	0	0	0	0	0	0	0	0	0
1919	0	0	0	0	0	0	0	0	0
1920	0	0	0	0	0	0	0	0	0
1921	0	0	0	0	0	0	0	0	0
1922	0	0	0	0	0	0	0	0	0
1923	0	0	0	0	0	0	0	0	0
1924	0	0	0	0	0	0	0	0	0
1925	0	0	0	0	0	0	0	0	0
1926	0	0	0	0	0	0	0	0	0
1927	0	0	0	0	0	0	0	0	0
1928	0	0	0	0	0	0	0	0	0
1929	0	0	0	0	0	0	0	0	0
1930	0	0	0	0	0	0	0	0	0
1931	0	0	0	0	0	0	0	0	0
1932	0	0	0	0	0	0	0	0	0
1933	0	0	0	0	0	0	0	0	0
1934	0	0	0	0	0	0	0	0	0
1935	0	0	0	0	0	0	0	0	0
1936	0	0	0	0	0	0	0	0	0
1937	0	0	0	0	0	0	0	0	0
1938	0	0	0	0	0	0	0	0	0
1939	0	0	0	0	0	0	0	0	0
1940	0	0	0	0	0	0	0	0	0
1941	0	0	0	0	0	0	0	0	0
1942	0	0	0	0	0	0	0	0	0
1943	0	0	0	0	0	0	0	0	0
1944	0	0	0	0	0	0	0	0	0
1945	0	0	0	0	0	0	0	0	0
1946	0	0	0	0	0	0	0	0	0
1947	0	0	0	0	0	0	0	0	0
1948	0	0	0	0	0	0	0	0	0
1949	0	0	0	0	0	0	0	0	0
1950	0	0	0	0	0	0	0	0	0
1951	0	0	0	0	0	0	0	0	0
1952	0	0	0	0	0	0	0	0	0
1953	0	0	0	0	0	0	0	0	0
1954	0	0	0	0	0	0	0	0	0
1955	0	0	0	0	0	0	0	0	0
1956	0	0	0	0	0	0	0	0	0
1957	0	0	0	0	0	0	0	0	0
1958	0	0	0	0	0	0	0	0	0
1959	0	0	0	0	0	0	0	0	0
1960	0	0	0	0	0	0	0	0	0
1961	0	0	0	0	0	0	0	0	0
1962	0	0	0	0	0	0	0	0	0
1963	0	0	0	0	0	0	0	0	0
1964	0	0	0	0	0	0	0	0	0
1965	0	0	0	0	0	0	0	0	0
1966	0	0	0	0	0	0	0	0	0
1967	0	0	0	0	0	0	0	0	0
1968	0	0	0	0	0	0	0	0	0
1969	0	0	0	0	0	0	0	0	0
1970	0	0	0	0	0	0	0	0	0
1971	0	0	0	0	0	0	0	0	0
1972	0	0	0	0	0	0	0	0	0
1973	0	0	0	0	0	0	0	0	0
1974	0	0	0	0	0	0	0	0	0
1975	0	0	0	0	0	0	0	0	0
1976	0	0	0	0	0	0	0	0	0
1977	0	0	0	0	0	0	0	0	0
1978	0	0	0	0	0	0	0	0	0
1979	0	0	0	0	0	0	0	0	0
1980	0	0	0	0	0	0	0	0	0
1981	0	0	0	0	0	0	0	0	0
1982	0	0	0	0	0	0	0	0	0
1983	0	0	0	0	0	0	0	0	0
1984	0	0	0	0	0	0	0	0	0
1985	0	0	0	0	0	0	0	0	0
1986	0	0	0	0	0	0	0	0	0
1987	0	0	0	0	0	0	0	0	0
1988	0	0	0	0	0	0	0	0	0
1989	0	0	0	0	0	0	0	0	0
1990	0	0	0	0	0	0	0	0	0
1991	0	0	0	0	0	0	0	0	0
1992	0	0	0	0	0	0	0	0	0
1993	0	0	0	0	0	0	0	0	0
1994	0	0	0	0	0	0	0	0	0
1995	0	0	0	0	0	0	0	0	0
1996	0	0	0	0	0	0	0	0	0
1997	0	0	0	0	0	0	0	0	0
1998	0	0	0	0	0	0	0	0	0
1999	0	0	0	0	0	0	0	0	0
2000	0	0	0	0	0	0	0	0	0
2001	0	0	0	0	0	0	0	0	0
2002	0	0	0	0	0	0	0	0	0
2003	0	0	0	0	0	0	0	0	0
2004	0	0	0	0	0	0	0	0	0
2005	0	0	0	0	0	0	0	0	0
2006	0	0	0	0	0	0	0	0	0
2007	0	0	0	0	0	0	0	0	0
2008	0	0	0	0	0	0	0	0	0
2009	0	0	0	0	0	0	0	0	0
2010	0	0	0	0	0	0	0	0	0
2011	0	0	0	0	0	0	0	0	0
2012	0	0	0	0	0	0	0	0	0
2013	0	0	0	0	0	0	0	0	0
2014	0	0	0	0	0	0	0	0	0
2015	0	0	0	0	0	0	0	0	0
2016	0	0	0	0	0	0	0	0	0
2017	0	0	0	0	0	0	0	0	0
2018	0	0	0	0	0	0	0	0	0
2019	0	0	0	0	0	0	0	0	0
2020	0	0	0	0	0	0	0	0	0
2021	0	0	0	0	0	0	0	0	0
2022	0	0	0	0	0	0	0	0	0
2023	0	0	0	0	0	0	0	0	0
2024	0	0	0	0	0	0	0	0	0
2025	0	0	0	0	0	0	0	0	0
2026	0	0	0	0	0	0	0	0	0
2027	0	0	0	0	0	0	0	0	0
2028	0	0	0	0	0	0	0	0	0
2029	0	0	0	0	0	0	0	0	0
2030	0	0	0	0	0	0	0	0	0
2031	0	0	0	0	0	0	0	0	0
2032	0	0	0	0	0	0	0	0	0
2033	0	0	0	0	0	0	0	0	0
2034	0	0	0	0	0	0	0	0	0
2035	0	0	0	0	0	0	0	0	0
2036	0	0	0	0	0	0	0	0	0
2037	0	0	0	0	0	0	0	0.00100276	0
2038	0	0	0	0	0	0	0	0.00104302	0
2039	0	0	0	0	0	0	0	0.00109992	0
2040	0	0	0	0	0	0	0	0.00115845	0
2041	0	0	0	0	0	0	0	0.00122734	0
2042	0	0	0	0	0	0	0	0.00129681	0
2043	0	0	0	0	0	0	0	0.00137709	0
2044	0	0	0	0	0	0	0	0.00145904	0
2045	0	0	0	0	0	0	0	0.0015567	0
2046	0	0	0	0	0	0	0	0.00165654	0
2047	0	0	0	0	0	0	0	0.00177442	0
2048	0	0	0	0	0	0	0	0.0018923	0
2049	0	0	0	0	0	0	0	0.00203646	0
2050	0	0	0	0	0	0	0	0.00218165	0
2051	0	0	0	0	0	0	0	0.00234517	0
2052	0	0	0	0	0	0	0	0.0025214	0
2053	0	0	0	0	0	0	0	0.00272487	0
2054	0	0	0	0	0	0	0	0.00293431	0
2055	0	0	0	0	0	0	0	0.00318399	0
2056	0	0	0	0	0	0	0	0.00343867	0
2057	0	0	0	0	0	0	0	0.00373486	0
2058	0	0	0	0	0	0	0	0.0040396	0
2059	0	0	0	0	0	0	0	0.00440837	0
2060	0	0	0	0	0	0	0	0.00477775	0
2061	0	0	0	0	0	0	0	0.00522084	0
2062	0	0	0	0	0	0	0	0.00566917	0
2063	0	0	0	0	0	0	0	0.00622531	0
2064	0	0	0	0	0	0	0	0.00679017	0
2065	0	0	0	0	0	0	0	0.00749193	0
2066	0	0	0	0	0	0	0	0.00819369	0
2067	0	0	0	0	0	0	0	0.00880615	0
2068	0	0	0	0	0	0	0	0.00943206	0
2069	0	0	0	0	0	0	0	0.01050554	0
2070	0	0	0	0	0	0	0	0.01157901	0
2071	0	0	0	0	0	0	0	0.01266538	0
2072	0	0	0	0	0	0	0	0.01378047	0
2073	0	0	0	0	0	0	0	0.01552035	0
2074	0	0	0	0	0	0	0	0.01726034	0
2075	0	0	0	0	0	0	0	0.01900202	0
2076	0	0	0	0	0	0	0	0.02074371	0
2077	0	0	0	0	0	0	0	0.02340086	0
2078	0	0	0	0	0	0	0	0.02618283	0
2079	0	0	0	0	0	0	0	0.02920399	0
2080	0	0	0	0	0	0	0	0.0322929	0
2081	0	0	0	0	0	0	0	0.03595484	0
2082	0	0	0	0	0	0	0	0.03991824	0
2083	0	0	0	0	0	0	0	0.04499807	0
2084	0	0	0	0	0	0	0	0.05056739	0
2085	0	0	0	0	0	0	0	0.05656623	0
2086	0	0	0	0	0	0	0	0.06276533	0
2087	0	0	0	0	0	0	0	0.07099935	0
2088	0	0	0	0	0	0	0	0.07984023	0
2089	0	0	0	0	0	0	0	0.09018464	0
2090	0	0	0	0	0	0	0	0.1011311	0
2091	0	0	0	0	0	0	0	0.1130442	0
2092	0	0	0	0	0	0	0	0.12531833	0
2093	0	0	0	0	0	0	0	0.14104207	0
2094	0	0	0	0	0	0	0	0.15772916	0
2095	0	0	0	0	0	0	0	0.17846316	0
2096	0	0	0	0	0	0	0	0.19946745	0
2097	0	0	0	0	0	0	0	0.22195263	0
2098	0	0	0	0	0	0	0	0.24493155	0
2099	0	0	0	0	0	0	0	0.27459398	0
2100	0	0	0	0	0	0	0	0.30581087	0
2101	0	0	0	0	0	0	0	0.33765897	0
2102	0	0	0	0	0	0	0	0.36978662	0
2103	0	0	0	0	0	0	0	0.40613315	0
2104	0	0	0	0	0	0	0	0.4434717	0
2105	0	0	0	0	0	0	0	0.48442909	0
2106	0	0	0	0	0	0	0	0.52639425	0
2107	0	0	0	0	0	0	0	0.55868477	0
2108	0	0	0	0	0	0	0	0.59015769	0
2109	0	0	0	0	0	0	0	0.62845188	0
2110	0	0	0	0	0	0	0	0.67081827	0
2111	0	0	0	0	0	0	0	0.70369262	0
2112	0	0	0	0	0	0	0	0.73118645	0
2113	0	0	0	0	0	0	0	0.7561571	0
2114	0	0	0	0	0	0	0	0.7799347	0
2115	0	0	0	0	0	0	0	0.80423528	0
2116	0	0	0	0	0	0	0	0.82853574	0
2117	0	0	0	0	0	0	0	0.84607869	0
2118	0	0	0	0	0	0	0	0.86023945	0
2119	0	0	0	0	0	0	0	0.86919415	0
2120	0	0	0	0	0	0	0	0.88100129	0
2121	0	0	0	0	0	0	0	0.89042884	0
2122	0	0	0	0	0	0	0	0.89982301	0
2123	0	0	0	0	0	0	0	0.90695715	0
2124	0	0	0	0	0	0	0	0.91398126	0
2125	0	0	0	0	0	0	0	0.91721064	0
2126	0	0	0	0	0	0	0	0.92048544	0
2127	0	0	0	0	0	0	0	0.92542076	0
2128	0	0	0	0	0	0	0	0.92985046	0
2129	0	0	0	0	0	0	0	0.93153703	0
2130	0	0	0	0	0	0	0	0.93249965	0
2131	0	0	0	0	0	0	0	0.93463236	0
2132	0	0	0	0	0	0	0	0.93673027	0
2133	0	0	0	0	0	0	0	0.9378534	0
2134	0	0	0	0	0	0	0	0.93894368	0
2135	0	0	0	0	0	0	0	0.94098628	0
2136	0	0	0	0	0	0	0	0.94262463	0
2137	0	0	0	0	0	0	0	0.94227535	0
2138	0	0	0	0	0	0	0	0.9423033	0
2139	0	0	0	0	0	0	0	0.94379717	0
2140	0	0	0	0	0	0	0	0.94515347	0
2141	0	0	0	0	0	0	0	0.94504112	0
2142	0	0	0	0	0	0	0	0.94498247	0
2143	0	0	0	0	0	0	0	0.94592953	0
2144	0	0	0	0	0	0	0	0.94692481	0
2145	0	0	0	0	0	0	0	0.94919229	0
2146	0	0	0	0	0	0	0	0.95145994	0
2147	0	0	0	0	0	0	0	0.95272231	0
2148	0	0	0	0	0	0	0	0.95394844	0
2149	0	0	0	0	0	0	0	0.95358199	0
2150	0	0	0	0	0	0	0	0.95307189	0
2151	0	0	0	0	0	0	0	0.95554107	0
2152	0	0	0	0	0	0	0	0.95797873	0
2153	0	0	0	0	0	0	0	0.95833826	0
2154	0	0	0	0	0	0	0	0.95876426	0
2155	0	0	0	0	0	0	0	0.95979828	0
2156	0	0	0	0	0	0	0	0.96079904	0
2157	0	0	0	0	0	0	0	0.96058774	0
2158	0	0	0	0	0	0	0	0.96037638	0
2159	0	0	0	0	0	0	0	0.96064055	0
2160	0	0	0	0	0	0	0	0.96220273	0
2161	0	0	0	0	0	0	0	0.96401131	0
2162	0	0	0	0	0	0	0	0.96372789	0
2163	0	0	0	0	0	0	0	0.96397525	0
2164	0	0	0	0	0	0	0	0.96447343	0
2165	0	0	0	0	0	0	0	0.96521795	0
2166	0	0	0	0	0	0	0	0.9660756	0
2167	0	0	0	0	0	0	0	0.96696723	0
2168	0	0	0	0	0	0	0	0.96789074	0
2169	0	0	0	0	0	0	0	0.96744436	0
2170	0	0	0	0	0	0	0	0.96549106	0
2171	0	0	0	0	0	0	0	0.96621031	0
2172	0	0	0	0	0	0	0	0.96805149	0
2173	0	0	0	0	0	0	0	0.96899831	0
2174	0	0	0	0	0	0	0	0.96919876	0
2175	0	0	0	0	0	0	0	0.96860504	0
2176	0	0	0	0	0	0	0	0.96753544	0
2177	0	0	0	0	0	0	0	0.96692026	0
2178	0	0	0	0	0	0	0	0.96685123	0
2179	0	0	0	0	0	0	0	0.96803194	0
2180	0	0	0	0	0	0	0	0.96974194	0
2181	0	0	0	0	0	0	0	0.97015101	0
2182	0	0	0	0	0	0	0	0.97056007	0
2183	0	0	0	0	0	0	0	0.97212642	0
2184	0	0	0	0	0	0	0	0.97419846	0
2185	0	0	0	0	0	0	0	0.97452831	0
2186	0	0	0	0	0	0	0	0.97485834	0
2187	0	0	0	0	0	0	0	0.97576022	0
2188	0	0	0	0	0	0	0	0.9769215	0
2189	0	0	0	0	0	0	0	0.9771384	0
2190	0	0	0	0	0	0	0	0.97730094	0
2191	0	0	0	0	0	0	0	0.97741669	0
2192	0	0	0	0	0	0	0	0.97746247	0
2193	0	0	0	0	0	0	0	0.97645605	0
2194	0	0	0	0	0	0	0	0.97545022	0
2195	0	0	0	0	0	0	0	0.97717029	0
2196	0	0	0	0	0	0	0	0.97678941	0
2197	0	0	0	0	0	0	0	0.97663635	0
2198	0	0	0	0	0	0	0	0.97651941	0
2199	0	0	0	0	0	0	0	0.97859836	0
2200	0	0	0	0	0	0	0	0.98067731	0
2201	0	0	0	0	0	0	0	0.98093402	0
2202	0	0	0	0	0	0	0	0.9808982	0
2203	0	0	0	0	0	0	0	0.98004782	0
2204	0	0	0	0	0	0	0	0.98011398	0
2205	0	0	0	0	0	0	0	0.97921491	0
2206	0	0	0	0	0	0	0	0.97878832	0
2207	0	0	0	0	0	0	0	0.97845	0
2208	0	0	0	0	0	0	0	0.97681779	0
2209	0	0	0	0	0	0	0	0.97705674	0
2210	0	0	0	0	0	0	0	0.97879267	0
2211	0	0	0	0	0	0	0	0.97907805	0
2212	0	0	0	0	0	0	0	0.9780426	0
2213	0	0	0	0	0	0	0	0.97847897	0
2214	0	0	0	0	0	0	0	0.97736776	0
2215	0	0	0	0	0	0	0	0.97698873	0
2216	0	0	0	0	0	0	0	0.97670597	0
2217	0	0	0	0	0	0	0	0.97656572	0
2218	0	0	0	0	0	0	0	0.97742045	0
2219	0	0	0	0	0	0	0	0.97710729	0
2220	0	0	0	0	0	0	0	0.97625577	0
2221	0	0	0	0	0	0	0	0.97609216	0
2222	0	0	0	0	0	0	0	0.97645754	0
2223	0	0	0	0	0	0	0	0.97678703	0
2224	0	0	0	0	0	0	0	0.97713715	0
2225	0	0	0	0	0	0	0	0.97934949	0
2226	0	0	0	0	0	0	0	0.97878641	0
2227	0	0	0	0	0	0	0	0.98002392	0
2228	0	0	0	0	0	0	0	0.97969437	0
2229	0	0	0	0	0	0	0	0.97947246	0
2230	0	0	0	0	0	0	0	0.97958535	0
2231	0	0	0	0	0	0	0	0.97973728	0
2232	0	0	0	0	0	0	0	0.98007715	0
2233	0	0	0	0	0	0	0	0.98041546	0
2234	0	0	0	0	0	0	0	0.98075229	0
2235	0	0	0	0	0	0	0	0.98121125	0
2236	0	0	0	0	0	0	0	0.98180187	0
2237	0	0	0	0	0	0	0	0.98325735	0
2238	0	0	0	0	0	0	0	0.98485512	0
2239	0	0	0	0	0	0	0	0.98458195	0
2240	0	0	0	0	0	0	0	0.98573095	0
2241	0	0	0	0	0	0	0	0.98682696	0
2242	0	0	0	0	0	0	0	0.98753965	0
2243	0	0	0	0	0	0	0	0.98808074	0
2244	0	0	0	0	0	0	0	0.98795635	0
2245	0	0	0	0	0	0	0	0.9888075	0
2246	0	0	0	0	0	0	0	0.98895812	0
2247	0	0	0	0	0	0	0	0.98889464	0
2248	0	0	0	0	0	0	0	0.98786956	0
2249	0	0	0	0	0	0	0	0.98677874	0
2250	0	0	0	0	0	0	0	0.98517078	0
2251	0	0	0	0	0	0	0	0.9837774	0
2252	0	0	0	0	0	0	0	0.9826206	0
2253	0	0	0	0	0	0	0	0.98161823	0
2254	0	0	0	0	0	0	0	0.98062718	0
2255	0	0	0	0	0	0	0	0.97954774	0
2256	0	0	0	0	0	0	0	0.97850388	0
2257	0	0	0	0	0	0	0	0.97752798	0
2258	0	0	0	0	0	0	0	0.9764725	0
2259	0	0	0	0	0	0	0	0.97541523	0
2260	0	0	0	0	0	0	0	0.97554159	0
2261	0	0	0	0	0	0	0	0.97751099	0
2262	0	0	0	0	0	0	0	0.98016274	0
2263	0	0	0	0	0	0	0	0.97513086	0
2264	0	0	0	0	0	0	0	0.97495383	0
2265	0	0	0	0	0	0	0	0.9752937	0
2266	0	0	0	0	0	0	0	0.97618282	0
2267	0	0	0	0	0	0	0	0.97859925	0
2268	0	0	0	0	0	0	0	0.97964096	0
2269	0	0	0	0	0	0	0	0.9807688	0
2270	0	0	0	0	0	0	0	0.98314285	0
2271	0	0	0	0	0	0	0	0.98586017	0
2272	0	0	0	0	0	0	0	0.98965293	0
2273	0	0	0	0	0	0	0	0.99181819	0
2274	0	0	0	0	0	0	0	0.99376893	0
2275	0	0	0	0	0	0	0	0.99618787	0
2276	0	0	0	0	0	0	0	0.99796325	0
2277	0	0	0	0	0	0	0	0.99923283	0
2278	0	0	0	0	0	0	0	1	0
2279	0	0	0	0	0	0	0	0.99792081	0
2280	0	0	0	0	0	0	0	0.99446166	0
2281	0	0	0	0	0	0	0	0.98581928	0
2282	0	0	0	0	0	0	0	0.97574705	0
2283	0	0	0	0	0	0	0	0.96128398	0
2284	0	0	0	0	0	0	0	0.94335824	0
2285	0	0	0	0	0	0	0	0.91998041	0
2286	0	0	0	0	0	0	0	0.89376736	0
2287	0	0	0	0	0	0	0	0.85915744	0
2288	0	0	0	0	0	0	0	0.8235755	0
2289	0	0	0	0	0	0	0	0.78115994	0
2290	0	0	0	0	0	0	0	0.73678225	0
2291	0	0	0	0	0	0	0	0.68822551	0
2292	0	0	0	0	0	0	0	0.63962251	0
2293	0	0	0	0	0	0	0	0.58982903	0
2294	0	0	0	0	0	0	0	0.54092199	0
2295	0	0	0	0	0	0	0	0.49226084	0
2296	0	0	0	0	0	0	0	0.44587871	0
2297	0	0	0	0	0	0	0	0.40125731	0
2298	0	0	0	0	0	0	0	0.35893539	0
2299	0	0	0	0	0	0	0	0.32148635	0
2300	0	0	0	0	0	0	0	0.28420323	0
2301	0	0	0	0	0	0	0	0.2523469	0
2302	0	0	0	0	0	0	0	0.2255464	0
2303	0	0	0	0	0	0	0	0.20149876	0
2304	0	0	0	0	0	0	0	0.17846169	0
2305	0	0	0	0	0	0	0	0.1584622	0
2306	0	0	0	0	0	0	0	0.13879961	0
2307	0	0	0	0	0	0	0	0.12371186	0
2308	0	0	0	0	0	0	0	0.11006524	0
2309	0	0	0	0	0	0	0	0.09831959	0
2310	0	0	0	0	0	0	0	0.08718951	0
2311	0	0	0	0	0	0	0	0.07798396	0
2312	0	0	0	0	0	0	0	0.06932278	0
2313	0	0	0	0	0	0	0	0.06206976	0
2314	0	0	0	0	0	0	0	0.05512591	0
2315	0	0	0	0	0	0	0	0.04944164	0
2316	0	0	0	0	0	0	0	0.04455749	0
2317	0	0	0	0	0	0	0	0.040062	0
2318	0	0	0	0	0	0	0	0.03621278	0
2319	0	0	0	0	0	0	0	0.03288715	0
2320	0	0	0	0	0	0	0	0.02948643	0
2321	0	0	0	0	0	0	0	0.02685629	0
2322	0	0	0	0	0	0	0	0.02410637	0
2323	0	0	0	0	0	0	0	0.02195595	0
2324	0	0	0	0	0	0	0	0.0198522	0
2325	0	0	0	0	0	0	0	0.0180521	0
2326	0	0	0	0	0	0	0	0.01628702	0
2327	0	0	0	0	0	0	0	0.01486861	0
2328	0	0	0	0	0	0	0	0.01342942	0
2329	0	0	0	0	0	0	0	0.0123302	0
2330	0	0	0	0	0	0	0	0.01116003	0
2331	0	0	0	0	0	0	0	0.01031453	0
2332	0	0	0	0	0	0	0	0.00964784	0
2333	0	0	0	0	0	0	0	0.00882719	0
2334	0	0	0	0	0	0	0	0.00806936	0
2335	0	0	0	0	0	0	0	0.00738959	0
2336	0	0	0	0	0	0	0	0.00677839	0
2337	0	0	0	0	0	0	0	0.00624485	0
2338	0	0	0	0	0	0	0	0.00571132	0
2339	0	0	0	0	0	0	0	0.00526846	0
2340	0	0	0	0	0	0	0	0.00483111	0
2341	0	0	0	0	0	0	0	0.00446368	0
2342	0	0	0	0	0	0	0	0.00409824	0
2343	0	0	0	0	0	0	0	0.00378863	0
2344	0	0	0	0	0	0	0	0.00348159	0
2345	0	0	0	0	0	0	0	0.00322292	0
2346	0	0	0	0	0	0	0	0.00296733	0
2347	0	0	0	0	0	0	0	0.00275285	0
2348	0	0	0	0	0	0	0	0.00254073	0
2349	0	0	0	0	0	0	0	0.00236097	0
2350	0	0	0	0	0	0	0	0.0021844	0
2351	0	0	0	0	0	0	0	0.00203332	0
2352	0	0	0	0	0	0	0	0.00188482	0
2353	0	0	0	0	0	0	0	0.00175931	0
2354	0	0	0	0	0	0	0	0.00163477	0
2355	0	0	0	0	0	0	0	0.00152506	0
2356	0	0	0	0	0	0	0	0	0
2357	0	0	0	0	0	0	0	0	0
2358	0	0	0	0	0	0	0	0	0
2359	0	0	0	0	0	0	0	0	0
2360	0	0	0	0	0	0	0	0	0
2361	0	0	0	0	0	0	0	0	0
2362	0	0	0	0	0	0	0	0	0
2363	0	0	0	0	0	0	0	0	0
2364	0	0	0	0	0	0	0	0	0
2365	0	0	0	0	0	0	0	0	0
2366	0	0	0	0	0	0	0	0	0
2367	0	0	0	0	0	0	0	0	0
2368	0	0	0	0	0	0	0	0	0
2369	0	0	0	0	0	0	0	0	0
2370	0	0	0	0	0	0	0	0	0
2371	0	0	0	0	0	0	0	0	0
2372	0	0	0	0	0	0	0	0	0
2373	0	0	0	0	0	0	0	0	0
2374	0	0	0	0	0	0	0	0	0
2375	0	0	0	0	0	0	0	0	0
2376	0	0	0	0	0	0	0	0	0
2377	0	0	0	0	0	0	0	0	0
2378	0	0	0	0	0	0	0	0	0
2379	0	0	0	0	0	0	0	0	0
2380	0	0	0	0	0	0	0	0	0
2381	0	0	0	0	0	0	0	0	0
2382	0	0	0	0	0	0	0	0	0
2383	0	0	0	0	0	0	0	0	0
2384	0	0	0	0	0	0	0	0	0
2385	0	0	0	0	0	0	0	0	0
2386	0	0	0	0	0	0	0	0	0
2387	0	0	0	0	0	0	0	0	0
2388	0	0	0	0	0	0	0	0	0
2389	0	0	0	0	0	0	0	0	0
2390	0	0	0	0	0	0	0	0	0
2391	0	0	0	0	0	0	0	0	0
2392	0	0	0	0	0	0	0	0	0
2393	0	0	0	0	0	0	0	0	0
2394	0	0	0	0	0	0	0	0	0
2395	0	0	0	0	0	0	0	0	0
2396	0	0	0	0	0	0	0	0	0
2397	0	0	0	0	0	0	0	0	0
2398	0	0	0	0	0	0	0	0	0
2399	0	0	0	0	0	0	0	0	0
2400	0	0	0	0	0	0	0	0	0
2401	0	0	0	0	0	0	0	0	0
2402	0	0	0	0	0	0	0	0	0
2403	0	0	0	0	0	0	0	0	0
2404	0	0	0	0	0	0	0	0	0
2405	0	0	0	0	0	0	0	0	0
2406	0	0	0	0	0	0	0	0	0
2407	0	0	0	0	0	0	0	0	0
2408	0	0	0	0	0	0	0	0	0
2409	0	0	0	0	0	0	0	0	0
2410	0	0	0	0	0	0	0	0	0
2411	0	0	0	0	0	0	0	0	0
2412	0	0	0	0	0	0	0	0	0
2413	0	0	0	0	0	0	0	0	0
2414	0	0	0	0	0	0	0	0	0
2415	0	0	0	0	0	0	0	0	0
2416	0	0	0	0	0	0	0	0	0
2417	0	0	0	0	0	0	0	0	0
2418	0	0	0	0	0	0	0	0	0
2419	0	0	0	0	0	0	0	0	0
2420	0	0	0	0	0	0	0	0	0
2421	0	0	0	0	0	0	0	0	0
2422	0	0	0	0	0	0	0	0	0
2423	0	0	0	0	0	0	0	0	0
2424	0	0	0	0	0	0	0	0	0
2425	0	0	0	0	0	0	0	0	0
2426	0	0	0	0	0	0	0	0	0
2427	0	0	0	0	0	0	0	0	0
2428	0	0	0	0	0	0	0	0	0
2429	0	0	0	0	0	0	0	0	0
2430	0	0	0	0	0	0	0	0	0
2431	0	0	0	0	0	0	0	0	0
2432	0	0	0	0	0	0	0	0	0
2433	0	0	0	0	0	0	0	0	0
2434	0	0	0	0	0	0	0	0	0
2435	0	0	0	0	0	0	0	0	0
2436	0	0	0	0	0	0	0	0	0
2437	0	0	0	0	0	0	0	0	0
2438	0	0	0	0	0	0	0	0	0
2439	0	0	0	0	0	0	0	0	0
2440	0	0	0	0	0	0	0	0	0
2441	0	0	0	0	0	0	0	0	0
2442	0	0	0	0	0	0	0	0	0
2443	0	0	0	0	0	0	0	0	0
2444	0	0	0	0	0	0	0	0	0
2445	0	0	0	0	0	0	0	0	0
2446	0	0	0	0	0	0	0	0	0
2447	0	0	0	0	0	0	0	0	0
2448	0	0	0	0	0	0	0	0	0
2449	0	0	0	0	0	0	0	0	0
2450	0	0	0	0	0	0	0	0	0
2451	0	0	0	0	0	0	0	0	0
2452	0	0	0	0	0	0	0	0	0
2453	0	0	0	0	0	0	0	0	0
2454	0	0	0	0	0	0	0	0	0
2455	0	0	0	0	0	0	0	0	0
2456	0	0	0	0	0	0	0	0	0
2457	0	0	0	0	0	0	0	0	0
2458	0	0	0	0	0	0	0	0	0
2459	0	0	0	0	0	0	0	0	0
2460	0	0	0	0	0	0	0	0	0
2461	0	0	0	0	0	0	0	0	0
2462	0	0	0	0	0	0	0	0	0
2463	0	0	0	0	0	0	0	0	0
2464	0	0	0	0	0	0	0	0	0
2465	0	0	0	0	0	0	0	0	0
2466	0	0	0	0	0	0	0	0	0
2467	0	0	0	0	0	0	0	0	0
2468	0	0	0	0	0	0	0	0	0
2469	0	0	0	0	0	0	0	0	0
2470	0	0	0	0	0	0	0	0	0
2471	0	0	0	0	0	0	0	0	0
2472	0	0	0	0	0	0	0	0	0
2473	0	0	0	0	0	0	0	0	0
2474	0	0	0	0	0	0	0	0	0
2475	0	0	0	0	0	0	0	0	0
2476	0	0	0	0	0	0	0	0	0
2477	0	0	0	0	0	0	0	0	0
2478	0	0	0	0	0	0	0	0	0
2479	0	0	0	0	0	0	0	0	0
2480	0	0	0	0	0	0	0	0	0
2481	0	0	0	0	0	0	0	0	0
2482	0	0	0	0	0	0	0	0	0
2483	0	0	0	0	0	0	0	0	0
2484	0	0	0	0	0	0	0	0	0
2485	0	0	0	0	0	0	0	0	0
2486	0	0	0	0	0	0	0	0	0
2487	0	0	0	0	0	0	0	0	0
2488	0	0	0	0	0	0	0	0	0
2489	0	0	0	0	0	0	0	0	0
2490	0	0	0	0	0	0	0	0	0
2491	0	0	0	0	0	0	0	0	0
2492	0	0	0	0	0	0	0	0	0
2493	0	0	0	0	0	0	0	0	0
2494	0	0	0	0	0	0	0	0	0
2495	0	0	0	0	0	0	0	0	0
2496	0	0	0	0	0	0	0	0	0
2497	0	0	0	0	0	0	0	0	0
2498	0	0	0	0	0	0	0	0	0
2499	0	0	0	0	0	0	0	0	0
2500	0	0	0	0	0	0	0	0	0
