Wavelength	blue	green	red	NIR	pan
400	0	0	0	0	0
401	0	0	0	0	0
402	0	0	0	0	0
403	0	0	0	0	0
404	0	0	0	0	0
405	0	0	0	0	0
406	0	0	0	0	0
407	0	0	0	0	0
408	0	0	0	0	0
409	0	0	0	0	0
410	0	0	0	0	0
411	0	0	0	0	0
412	0	0	0	0	0
413	0	0	0	0	0
414	0	0	0	0	0
415	0	0	0	0	0
416	0	0	0	0	0
417	0	0	0	0	0
418	0	0	0	0	0
419	0	0	0	0	0
420	0	0	0	0	0
421	0	0	0	0	0
422	0	0	0	0	0
423	0	0	0	0	0
424	0	0	0	0	0
425	0	0	0	0	0
426	0	0	0	0	0
427	0	0	0	0	0
428	0	0	0	0	0
429	0	0	0	0	0
430	0	0	0	0	0
431	0	0	0	0	0
432	0	0	0	0	0
433	0	0	0	0	0
434	0.00104061	0	0	0	0
435	0.00332873207430334	0	0	0	0
436	0.00561707897990727	0	0	0	0
437	0.00792829908809887	0	0	0	0
438	0.0103923792890263	0	0	0	0
439	0.0131397145285934	0	0	0	0
440	0.0160416622291022	0	0	0	0
441	0.0190588333848531	0	0	0	0
442	0.0236945987635241	0	0	0	0
443	0.0328240811145508	0	0	0	0
444	0.0467711973724881	0	0	0	0
445	0.0626428782071092	0	0	0	0
446	0.0841841652241109	0	0	0	0
447	0.113125755417957	0	0	0	0
448	0.146252690880988	0	0	0	0
449	0.179746369397218	0	0	0	0
450	0.213315114551082	0	0	0	0
451	0.247508460587326	0	0	0	0
452	0.283591542503863	0	0	0	0
453	0.32209314683153	0	0	0	0
454	0.365581224111281	0	0	0	0
455	0.424848738794437	0	0	0	0
456	0.496143115919627	0	0	0	0
457	0.570935919504646	0	0	0	0.00542759256206542
458	0.64348176197836	0	0	0	0.00796607816285985
459	0.704771295208654	0	0	0	0.0110105991559085
460	0.742274173106646	0	0	0	0.0144337620158887
461	0.753013313755796	0	0	0	0.0187864492552135
462	0.751410352941177	0	0	0	0.0238754264150943
463	0.746676630602782	0	0	0	0.0302795654419065
464	0.738056575851393	0	0	0	0.0377861195630584
465	0.726749836166925	0	0	0	0.0468916473684207
466	0.721084445131376	0	0	0	0.0574151329692151
467	0.720687544049459	0	0	0	0.0698346239324721
468	0.727271979907264	0	0	0	0.0840325385302873
469	0.742113294117646	0	0	0	0.100404151017369
470	0.761492513137558	0	0	0	0.118932141091811
471	0.780183077279752	0	0	0	0.139385553128103
472	0.796639371517028	0	0	0	0.161867181727905
473	0.811763582689335	0	0	0	0.185457095829196
474	0.826530133126935	0	0	0	0.210281822740814
475	0.838232211746522	0	0	0	0.235575805362463
476	0.840763664605873	0	0	0	0.261422875868917
477	0.832210741885626	0	0	0	0.287390365938431
478	0.820121187017002	0	0	0	0.313508042204568
479	0.804668682662539	0	0	0	0.339154486097318
480	0.786841001545596	0	0	0	0.364178815789473
481	0.770852717156105	0	0	0	0.387910321251241
482	0.760019023183926	0	0	0	0.409834353028799
483	0.758826503863988	0	0	0	0.429988906653426
484	0.766835860896445	0	0	0	0.447522173783516
485	0.777811927357033	0	0	0	0.463405571002979
486	0.789076975232198	0	0	0	0.476697527308838
487	0.800991471406492	0	0	0	0.488753510427011
488	0.814844214837712	0	0	0	0.498749538232373
489	0.829950437403401	0	0	0	0.507911716981132
490	0.844193077279752	0	0	0	0.515597913604766
491	0.853948219814241	0	0	0	0.522809785004965
492	0.857496672333849	0	0	0	0.529129050148957
493	0.85891739628483	0	0	0	0.535253707050646
494	0.860094500772797	0.00412724475279109	0	0	0.54098856305859
495	0.861270472952086	0.00755634464114814	0	0	0.546648975173784
496	0.862447690402477	0.0109820473524722	0	0	0.552150464746773
497	0.863790576506955	0.0144166215311003	0	0	0.557583310173697
498	0.866433698608964	0.0180005974481659	0	0	0.562859736972705
499	0.873050695517774	0.0227940655502391	0	0	0.568033537239325
500	0.882250817619784	0.0292838301435407	0	0	0.572956079443893
501	0.892060665634675	0.0366837928229664	0	0	0.577731439920556
502	0.901085208655332	0.047144094736842	0	0	0.582120714995034
503	0.90811373106646	0.0710884408293451	0	0	0.586366891757696
504	0.913827666151468	0.118748031578947	0	0	0.590209990069513
505	0.91922942812983	0.174597052631578	0	0	0.593972432969215
506	0.924628948995363	0.23145109090909	0	0	0.597490307845084
507	0.930023950540958	0.288676771929823	0	0	0.60098076266137
508	0.935492421052631	0.349610736842103	0	0	0.604381457795432
509	0.941530930448222	0.42673712121212	0	0	0.607758011916584
510	0.949339913446677	0.517048842105263	0	0	0.611048975173783
511	0.958325392581144	0.611007078149919	0	0	0.614293092353525
512	0.967619327666151	0.699270363636364	0	0	0.617356647467726
513	0.976768984520124	0.772728022328552	0	0	0.620366148957299
514	0.984849418856259	0.831130167464117	0	0	0.623148174776564
515	0.991053464396285	0.875356913738021	0	0	0.625896262164846
516	0.996003148377125	0.895886679425838	0	0	0.628487622641509
517	0.999317047913447	0.904228743221691	0	0	0.63106391857001
518	0.99970742879257	0.90935809569378	0	0	0.63356342204568
519	0.997988961360124	0.911882773524721	0	0	0.636035442899702
520	0.995906582689335	0.913362172523962	0	0	0.638351728897716
521	0.993356908809892	0.914696666666667	0	0	0.640599137040715
522	0.988811726429676	0.916024178628389	0	0	0.642408968222443
523	0.980781	0.917284306220096	0	0	0.644126057596822
524	0.970804132921174	0.918311754385965	0	0	0.645175710029791
525	0.95507308513932	0.919250693290735	0	0	0.646157558312655
526	0.925158134466771	0.921909263157895	0	0	0.646579394540943
527	0.878814448222566	0.929561115015974	0	0	0.646976822740814
528	0.820586032457494	0.938675259968102	0	0	0.647136207050646
529	0.75664363523957	0.943752062200957	0	0	0.647301122144985
530	0.685301549535605	0.94727596485623	0	0	0.647530516385303
531	0.607470448222565	0.950672315789473	0	0	0.64778721449851
532	0.527778262751155	0.954054103833866	0	0	0.648436668321748
533	0.450029442040188	0.957301813397129	0	0	0.649122612214498
534	0.376220692426585	0.960122073482428	0	0	0.650487557596822
535	0.30754128748068	0.962631182108626	0	0	0.651877984111221
536	0.249923941267387	0.965061148325359	0	0	0.653931608738828
537	0.200928308049536	0.967459274760383	0	0	0.655996927507448
538	0.157148485316848	0.969664566188198	0	0	0.658558993048659
539	0.122896408037094	0.971466642172524	0	0	0.661125893743793
540	0.0967686393188872	0.973058936102236	0	0	0.664225198609732
541	0.0759505244204025	0.974550899521531	0	0	0.66732450347567
542	0.0599111485316846	0.975369629392971	0	0	0.671046794935452
543	0.0476839395672332	0.974565330143541	0	0	0.674772216981132
544	0.0384809606811148	0.972596591054313	0	0	0.678945275074479
545	0.0326097697063371	0.970412963317384	0	0	0.683127002979146
546	0.0276619659969088	0.968215595846645	0	0	0.687461895233366
547	0.0231290972136223	0.965906089456869	0	0	0.691802014399205
548	0.0200956370942813	0.963232980861244	0	0	0.696127937934459
549	0.018987199381762	0.960224690095847	0	0	0.700453161370407
550	0.018652370015456	0.957139282296651	0	0	0.704719172790467
551	0.0183962828438949	0.95449771884984	0	0	0.708981337636544
552	0.0181400244582043	0.953482464114833	0	0	0.713117199106256
553	0.0178686392581144	0.954437274760383	0	0	0.717242819761668
554	0.017453120123839	0.955997896166134	0	0	0.721031110173697
555	0.0168215513137559	0.957603955342903	0	0	0.72478644516129
556	0.0160518187017002	0.959094353035144	0	0	0.727987343594836
557	0.015264541576507	0.959700438596491	0	0	0.731123887785501
558	0.0144289319938176	0.958359375399361	0	0	0.733742793445879
559	0.0131097157894738	0.95588078913738	0	0	0.736292445878848
560	0.0107151176197837	0.95321144338118	0	0	0.738579198609732
561	0.00752552389489957	0.950550680511182	0	0	0.740825971201589
562	0.0041725826625387	0.94827828708134	0	0	0.742996842105263
563	0	0.948320380191693	0	0	0.745154736842105
564	0	0.95177250877193	0	0	0.747238808341609
565	0	0.956741204472844	0	0	0.749308818272095
566	0	0.961869220447284	0	0	0.751206163853029
567	0	0.967003129186603	0	0	0.753067137040715
568	0	0.972190204472843	0	0	0.754700314796425
569	0	0.977476325358852	0	0	0.756280751737835
570	0	0.982826309904153	0	0	0.757695566037736
571	0	0.988181234449761	0	0	0.759068455809335
572	0	0.993526362041467	0	0	0.760366604766634
573	0	0.998272111821086	0	0	0.761644161866931
574	0	0.99959423923445	0	0	0.762842960278054
575	0	0.995892146964856	0	0	0.764018233366435
576	0	0.989745963317385	0	0	0.765012952333664
577	0	0.981720521531101	0	0	0.765949397219464
578	0	0.967157039936103	0	0	0.766640105263158
579	0	0.946776322169059	0	0	0.767245368421053
580	0	0.924627330670928	0	0	0.767665197616683
581	0	0.902393202551835	0	0	0.768015743793446
582	0	0.879801425837321	0	0	0.768299903722084
583	0	0.855503333333334	0	0	0.768557471960298
584	0	0.82931352631579	0	0	0.768879684707051
585	0	0.802425642172526	0	0	0.769229734359484
586	0	0.775505545454546	0	0	0.769864123634558
587	0	0.748283655502394	0	0	0.770629267626614
588	0	0.718223918660287	0	0	0.771909155908639
589	0	0.682996666666669	0	0	0.773441429990069
590	0	0.644616483253588	0	0	0.775477708540218
591	0	0.605554803827753	0	0	0.777777112711023
592	0	0.565743454545454	0	0	0.780346295928501
593	0	0.52493437001595	0	0	0.783065263157895
594	0	0.483015071770335	0	0	0.785856062562066
595	0	0.435977636363637	0	0	0.788689230387289
596	0	0.379769277511962	0	0	0.791545911122145
597	0	0.321711382775121	0	0	0.794417311320755
598	0	0.271756617224881	0	0	0.797351079443893
599	0	0.227090564593302	0	0	0.800326253227408
600	0	0.183745175438598	0	0	0.803411015888779
601	0	0.141752564593301	0	0	0.806572882820258
602	0	0.106297553429028	0	0	0.809840871400199
603	0	0.0826920961722485	0	0	0.813187941906653
604	0	0.0649948073365225	0	0	0.816589968718967
605	0	0.0534152066985643	0	0	0.820035351042701
606	0	0.0467736043062199	0.00505942358778612	0	0.823482357000993
607	0	0.0414269421052629	0.00930802074695136	0	0.826930718470705
608	0	0.0361373736842104	0.0135607433587785	0	0.83030182919563
609	0	0.0308769416932905	0.0178134475609756	0	0.833604709036743
610	0	0.0259800912280701	0.0221061912977099	0	0.836703509930487
611	0	0.0222614	0.0268930181679389	0	0.839611652929494
612	0	0.0195790711323764	0.0334164118902438	0	0.842239986104218
613	0	0.017175211323764	0.0415773421374045	0	0.844591847146402
614	0	0.0147828571884984	0.0529998100609752	0	0.846732019860973
615	0	0.012388768261563	0.0742206635114498	0	0.848650093346574
616	0	0.00999433421052629	0.107147527022899	0	0.8504662591857
617	0	0.00760225669856464	0.144771129770991	0	0.852169337636544
618	0	0.00520782244019147	0.188445984732825	0	0.853816457795432
619	0	0	0.243206737404578	0	0.855397887785502
620	0	0	0.304835535877863	0	0.856929491559086
621	0	0	0.367624371951221	0	0.858399203574975
622	0	0	0.430123207633588	0	0.859844677259186
623	0	0	0.49044099541985	0	0.861258282025819
624	0	0	0.547465268292683	0	0.862704471698113
625	0	0	0.602623129770988	0	0.864196030784508
626	0	0	0.657493411585365	0	0.865791699106256
627	0	0	0.712139606106869	0	0.867540954319762
628	0	0	0.764573048780486	0	0.86942614796425
629	0	0	0.804209305343512	0	0.8715239632572
630	0	0	0.827903946646341	0	0.873720539225422
631	0	0	0.84198212519084	0	0.876081015888779
632	0	0	0.852080018320611	0	0.878500987090367
633	0	0	0.857543731707317	0	0.881025813306852
634	0	0	0.861288654961832	0	0.883630814299901
635	0	0	0.864681039694656	0	0.886386027805362
636	0	0	0.867327161832061	0	0.889234608738828
637	0	0	0.868759320610687	0	0.892269365441906
638	0	0	0.869619836641221	0	0.895312384309831
639	0	0	0.870865320610687	0	0.898372960278053
640	0	0	0.873470707317073	0	0.901328439205955
641	0	0	0.877135458015267	0	0.904045560794045
642	0	0	0.881087648854962	0	0.906646183714002
643	0	0	0.885156391768293	0	0.908962966236345
644	0	0	0.89019525648855	0	0.911223908639523
645	0	0	0.896766440548781	0	0.913339102284012
646	0	0	0.904414885496183	0	0.915437972691162
647	0	0	0.912195801829269	0	0.917491100794439
648	0	0	0.919930386259542	0	0.919521974677259
649	0	0	0.927301042682926	0	0.921485728401192
650	0	0	0.933600424427481	0	0.923407709533267
651	0	0	0.939173167938931	0	0.92519370754717
652	0	0	0.944537112804878	0	0.926936361469712
653	0	0	0.949793488549618	0	0.928526232373386
654	0	0	0.954395099236641	0	0.930091435948362
655	0	0	0.95786413129771	0	0.93156214101291
656	0	0	0.960667346564885	0	0.933025850546177
657	0	0	0.963370030534351	0	0.934460309334657
658	0	0	0.966070693129771	0	0.935893968222443
659	0	0	0.968592013719512	0	0.937323958291956
660	0	0	0.970140610687023	0	0.938753456802383
661	0	0	0.969738929770992	0	0.940180467725919
662	0	0	0.968308539634146	0	0.941603729890765
663	0	0	0.966690735877862	0	0.943005914597815
664	0	0	0.965071347560976	0	0.944397147467726
665	0	0	0.963628984732824	0	0.945719391757696
666	0	0	0.963113263719512	0	0.947025329692155
667	0	0	0.964640251908397	0	0.948215001986097
668	0	0	0.96714106097561	0	0.9493915191067
669	0	0	0.969839	0	0.950460501736973
670	0	0	0.972543697709924	0	0.951524120158888
671	0	0	0.975365207317073	0	0.9525360367428
672	0	0	0.978938236641221	0	0.953546960278054
673	0	0	0.983968352671755	0	0.954546463753724
674	0	0	0.989772716030535	0	0.955547966236346
675	0	0	0.995286841221374	0	0.956577757696127
676	0	0	0.998817374045802	0	0.957615449851043
677	0	0	0.999908595419847	0	0.95879717775571
678	0	0	0.999918841463415	0	0.959991962264151
679	0	0	0.998571447328245	0	0.961517285004965
680	0	0	0.991719179878049	0	0.963052534260179
681	0	0	0.979132297709924	0	0.964991461767627
682	0	0	0.964239291603053	0	0.966933140019861
683	0	0	0.949193876524391	0	0.969147142005958
684	0	0	0.934133335877863	0	0.971361143992056
685	0	0	0.919072231707318	0	0.973668613704072
686	0	0	0.903927189312977	0	0.975976458788481
687	0	0	0.888131963414633	0	0.978296005958292
688	0	0	0.870807297709924	0	0.980615767626614
689	0	0	0.852581557251908	0	0.982926397219464
690	0	0	0.834161019817075	0	0.985236724925521
691	0	0	0.815732396946566	0	0.987492105263158
692	0	0	0.79729658167939	0	0.989744836146971
693	0	0	0.778879603053435	0	0.991843078450844
694	0	0	0.760434703816794	0	0.993931459781529
695	0	0	0.741516830534353	0	0.995689717974181
696	0	0	0.720023836641222	0	0.997421594836147
697	0	0	0.694120980182927	0	0.998540312655087
698	0	0	0.665775477862594	0	0.999599866004963
699	0	0	0.63442570121951	0	0.999838606256207
700	0	0	0.597273206106872	0	0.999983094836147
701	0	0	0.555028091603054	0	0.99944319265144
702	0	0	0.511797777439027	0	0.998812606752731
703	0	0	0.468470803053439	0	0.997842446375372
704	0	0	0.425134899390248	0	0.996821095829196
705	0	0	0.381693732824427	0	0.995650735849057
706	0	0	0.337848887195122	0	0.994455105263158
707	0	0	0.293660195419849	0	0.993117916087388
708	0	0	0.249386349618321	0	0.991753963753724
709	0	0	0.206203173780487	0	0.99025902184707
710	0	0	0.167499535877863	0	0.988736678252234
711	0	0	0.135693514503816	0	0.987148535749752
712	0	0	0.110147735114504	0	0.985545258689176
713	0	0	0.0921755854961828	0	0.983959040714995
714	0	0	0.078586244122138	0	0.982377114200596
715	0	0	0.0662202600000011	0	0.980969025819265
716	0	0	0.0557831615853662	0	0.979608549155909
717	0	0	0.047615302442748	0	0.978653861966236
718	0	0	0.0404703963414633	0	0.977819701092353
719	0	0	0.034079228091603	0	0.977487701092354
720	0	0	0.0297568922137407	0	0.977316896722939
721	0	0	0.0269718288109756	0	0.977491768123138
722	0	0	0.0246343563358778	0	0.977786207050645
723	0	0	0.022312188414634	0	0.978235929493545
724	0	0	0.0199924053435115	0	0.978743377358491
725	0	0	0.017683412195122	0	0.979370110228401
726	0	0	0.0155749192366414	0	0.980044390268123
727	0	0	0.0139576891603054	0	0.980866637220844
728	0	0	0.012830612652439	0	0.981751997022333
729	0	0	0.0118138931297709	0	0.98275619265144
730	0	0	0.0108061925304879	0	0.983814782522343
731	0	0	0.00979808763358784	0	0.984902734856008
732	0	0	0.00878968325190841	0	0.986005018867924
733	0	0	0.00778227945038163	0	0.986980211519364
734	0	0	0.0067738751908396	0	0.987889347567031
735	0	0	0.00576578937500001	0	0.988431077457795
736	0	0	0.00475806122137407	0	0.988769707050645
737	0	0	0	0	0.988594702085402
738	0	0	0	0	0.988118038728898
739	0	0	0	0	0.987246205561072
740	0	0	0	0	0.986128032770606
741	0	0	0	0	0.984843368421053
742	0	0	0	0	0.983448631578947
743	0	0	0	0	0.981989372393247
744	0	0	0	0	0.98048490367428
745	0	0	0	0	0.978880398212512
746	0	0	0	0	0.977201649453823
747	0	0	0	0	0.975380815292949
748	0	0	0	0.00612299075322108	0.973448342601787
749	0	0	0	0.0074323497420636	0.971403362462761
750	0	0	0	0.00874173770069376	0.969264832174777
751	0	0	0	0.01005106	0.967081396226415
752	0	0	0	0.0113608336967294	0.964858456802383
753	0	0	0	0.0126831828373016	0.962643747765641
754	0	0	0	0.0140973489593656	0.960436697120159
755	0	0	0	0.0158112492063491	0.958280973697271
756	0	0	0	0.0180703150644201	0.956175762779157
757	0	0	0	0.0209193035714285	0.954145308838133
758	0	0	0	0.0241522383548068	0.952192975173784
759	0	0	0	0.0275467017839445	0.950302198113207
760	0	0	0	0.0311060886904759	0.948479457298908
761	0	0	0	0.035059797423191	0.946683039721946
762	0	0	0	0.0396426559523809	0.944917399205561
763	0	0	0	0.0448329354806739	0.943155531777557
764	0	0	0	0.0503766077380955	0.941398332174777
765	0	0	0	0.0561679755203172	0.939623717974181
766	0	0	0	0.0626367682539682	0.937826299900695
767	0	0	0	0.070745376511397	0.935969173286991
768	0	0	0	0.0812264284722219	0.934029252730884
769	0	0	0	0.0940190606541128	0.931988383813307
770	0	0	0	0.108966238095237	0.929799208043694
771	0	0	0	0.126607422200198	0.927518591857001
772	0	0	0	0.147279637264618	0.925095553128103
773	0	0	0	0.170517226190477	0.922638258689176
774	0	0	0	0.196197887016848	0.920124356007944
775	0	0	0	0.225251155753966	0.917632983118173
776	0	0	0	0.258198481665017	0.915181145978153
777	0	0	0	0.293858749999998	0.912777309334658
778	0	0	0	0.330637882061445	0.910463009433962
779	0	0	0	0.367868066468254	0.908190459781529
780	0	0	0	0.406094785926659	0.906000787487587
781	0	0	0	0.446154396825396	0.903853670804369
782	0	0	0	0.488314341922697	0.901796570506455
783	0	0	0	0.531786262636274	0.899823732506204
784	0	0	0	0.575732333333333	0.898041102233251
785	0	0	0	0.619759964321109	0.896382610724926
786	0	0	0	0.66364228472222	0.895025113207547
787	0	0	0	0.707130456888005	0.893742291956306
788	0	0	0	0.749613150793651	0.892653414101291
789	0	0	0	0.790122262636273	0.891474351539225
790	0	0	0	0.82678736309524	0.890043864945382
791	0	0	0	0.858042133795838	0.888343517378351
792	0	0	0	0.884164507936506	0.885833586891758
793	0	0	0	0.906891176412289	0.882992857994042
794	0	0	0	0.927357685827551	0.879081239324727
795	0	0	0	0.945894513888888	0.874865390268123
796	0	0	0	0.962360624380575	0.869583364448858
797	0	0	0	0.976074580357143	0.863986240317776
798	0	0	0	0.986184298315163	0.85718931876862
799	0	0	0	0.99256519047619	0.8500137408143
800	0	0	0	0.996365472745292	0.841264982125125
801	0	0	0	0.998797796626984	0.832056928500497
802	0	0	0	0.999986394449951	0.820756531281033
803	0	0	0	0.99959680952381	0.808903899702085
804	0	0	0	0.997869064420218	0.794276789473685
805	0	0	0	0.995171929563492	0.778990584905662
806	0	0	0	0.991079127849356	0.760027327706058
807	0	0	0	0.984904697720515	0.740321309831181
808	0	0	0	0.976946549058474	0.715975728897717
809	0	0	0	0.968499520833334	0.690962308838135
810	0	0	0	0.960853850346878	0.661230928500497
811	0	0	0	0.95447685515873	0.631068650124069
812	0	0	0	0.949036051536175	0.597420014888337
813	0	0	0	0.943948928571429	0.563543518867924
814	0	0	0	0.938932824578791	0.527496349056603
815	0	0	0	0.933940357142857	0.491362629096325
816	0	0	0	0.929120345887017	0.454246938927507
817	0	0	0	0.924777841269841	0.417184010427011
818	0	0	0	0.921167224975223	0.380855807845084
819	0	0	0	0.918175682854311	0.344678184210527
820	0	0	0	0.91547889484127	0.311191093843101
821	0	0	0	0.91285907135778	0.277870363455813
822	0	0	0	0.910241583333333	0.248648913604769
823	0	0	0	0.907612015857285	0.219542781529295
824	0	0	0	0.904952037698413	0.194934042701092
825	0	0	0	0.90226092666006	0.170370560079442
826	0	0	0	0.89954623015873	0.14987602184707
827	0	0	0	0.896823610505451	0.129381483614698
828	0	0	0	0.894065154761905	0.11257074652433
829	0	0	0	0.891177635282458	0.0957710940913595
830	0	0	0	0.888026468253968	0.0826161557596822
831	0	0	0	0.884580639246779	0.069524249106257
832	0	0	0	0.880939565906839	0.0599385924528308
833	0	0	0	0.877222567460318	0.0504651068520364
834	0	0	0	0.873493417244797	0.0438712734359485
835	0	0	0	0.869760392857143	0.0374131304369412
836	0	0	0	0.866029817641229	0.0329011380337638
837	0	0	0	0.862296873015873	0.0285111678252238
838	0	0	0	0.858560350842418	0.02527888897716
839	0	0	0	0.854778940476191	0.0221377767626613
840	0	0	0	0.85086867789891	0.0197087325558312
841	0	0	0	0.84674175	0.0173475414888337
842	0	0	0	0.842410416253716	0.0154521773584906
843	0	0	0	0.837963496531219	0.0136097245283021
844	0	0	0	0.833476095238095	0.0121261827209534
845	0	0	0	0.828984402378593	0.0106897378351539
846	0	0	0	0.824490828373016	0.00957181057596822
847	0	0	0	0.819998742319128	0.00850147790466733
848	0	0	0	0.815505892857143	0.00764198729890765
849	0	0	0	0.811027527254708	0.00681796545183715
850	0	0	0	0.806613701388889	0.00607033817279048
851	0	0	0	0.802359789890981	0.00533704621648463
852	0	0	0	0.798326444444444	0.00461547946375375
853	0	0	0	0.794502667988107	0.00389634838133071
854	0	0	0	0.79089882259663	0.003177524468719
855	0	0	0	0.787615982142857	0.00245877074478653
856	0	0	0	0.784729101090188	0
857	0	0	0	0.782151810515873	0
858	0	0	0	0.779719174430129	0
859	0	0	0	0.777317444444445	0
860	0	0	0	0.774875497522299	0
861	0	0	0	0.772265755952381	0
862	0	0	0	0.76932135877106	0
863	0	0	0	0.765983041666667	0
864	0	0	0	0.762365960356789	0
865	0	0	0	0.758635610505451	0
866	0	0	0	0.75487903968254	0
867	0	0	0	0.751120952428147	0
868	0	0	0	0.747362958333333	0
869	0	0	0	0.743605278493558	0
870	0	0	0	0.739847876984127	0
871	0	0	0	0.736089209117939	0
872	0	0	0	0.732323668650794	0
873	0	0	0	0.728508441030724	0
874	0	0	0	0.724534857142857	0
875	0	0	0	0.72027764122894	0
876	0	0	0	0.715721041666667	0
877	0	0	0	0.710973867195243	0
878	0	0	0	0.70616300099108	0
879	0	0	0	0.701339148809524	0
880	0	0	0	0.696513968285431	0
881	0	0	0	0.691690214285715	0
882	0	0	0	0.686864574826561	0
883	0	0	0	0.682040631944444	0
884	0	0	0	0.677216590683846	0
885	0	0	0	0.672400380952381	0
886	0	0	0	0.667604531219029	0
887	0	0	0	0.662849255952381	0
888	0	0	0	0.658130923686819	0
889	0	0	0	0.653413706640238	0
890	0	0	0	0.648558343253969	0
891	0	0	0	0.643317985133796	0
892	0	0	0	0.637491984126984	0
893	0	0	0	0.631130431119921	0
894	0	0	0	0.624491758928571	0
895	0	0	0	0.61775992765114	0
896	0	0	0	0.610974583333334	0
897	0	0	0	0.604099332011893	0
898	0	0	0	0.597140748015873	0
899	0	0	0	0.590128442021804	0
900	0	0	0	0.583107416666667	0
901	0	0	0	0.576096806739346	0
902	0	0	0	0.569153648166502	0
903	0	0	0	0.562333944444445	0
904	0	0	0	0.555652737363726	0
905	0	0	0	0.549071387896826	0
906	0	0	0	0.54251896035679	0
907	0	0	0	0.535976708333333	0
908	0	0	0	0.529428737363727	0
909	0	0	0	0.522879416666666	0
910	0	0	0	0.516282528245788	0
911	0	0	0	0.509566507936508	0
912	0	0	0	0.502642155599603	0
913	0	0	0	0.495476718533202	0
914	0	0	0	0.487753678571428	0
915	0	0	0	0.478440720515362	0
916	0	0	0	0.466307117063492	0
917	0	0	0	0.451147653121904	0
918	0	0	0	0.434009444444444	0
919	0	0	0	0.415894418235877	0
920	0	0	0	0.397061098214288	0
921	0	0	0	0.376930471754211	0
922	0	0	0	0.355008244047621	0
923	0	0	0	0.331555432111003	0
924	0	0	0	0.307442647175421	0
925	0	0	0	0.283172082259661	0
926	0	0	0	0.258768845238094	0
927	0	0	0	0.23411577799802	0
928	0	0	0	0.209121057539682	0
929	0	0	0	0.184352923686819	0
930	0	0	0	0.160898527777779	0
931	0	0	0	0.139660358771062	0
932	0	0	0	0.120528937500002	0
933	0	0	0	0.103365782953419	0
934	0	0	0	0.0884277079365085	0
935	0	0	0	0.0756315434093155	0
936	0	0	0	0.064237378769841	0
937	0	0	0	0.0540456946481675	0
938	0	0	0	0.0455518294350844	0
939	0	0	0	0.0388885255952384	0
940	0	0	0	0.0334042495540137	0
941	0	0	0	0.0283796416666666	0
942	0	0	0	0.0236807333002973	0
943	0	0	0	0.0195521473214287	0
944	0	0	0	0.0161375861248763	0
945	0	0	0	0.0132338672619047	0
946	0	0	0	0.0105418163528246	0
947	0	0	0	0.0078928892162699	0
948	0	0	0	0.00524975337958386	0
949	0	0	0	0	0
950	0	0	0	0	0
951	0	0	0	0	0
952	0	0	0	0	0
953	0	0	0	0	0
954	0	0	0	0	0
955	0	0	0	0	0
956	0	0	0	0	0
957	0	0	0	0	0
958	0	0	0	0	0
959	0	0	0	0	0
960	0	0	0	0	0
961	0	0	0	0	0
962	0	0	0	0	0
963	0	0	0	0	0
964	0	0	0	0	0
965	0	0	0	0	0
966	0	0	0	0	0
967	0	0	0	0	0
968	0	0	0	0	0
969	0	0	0	0	0
970	0	0	0	0	0
971	0	0	0	0	0
972	0	0	0	0	0
973	0	0	0	0	0
974	0	0	0	0	0
975	0	0	0	0	0
976	0	0	0	0	0
977	0	0	0	0	0
978	0	0	0	0	0
979	0	0	0	0	0
980	0	0	0	0	0
981	0	0	0	0	0
982	0	0	0	0	0
983	0	0	0	0	0
984	0	0	0	0	0
985	0	0	0	0	0
986	0	0	0	0	0
987	0	0	0	0	0
988	0	0	0	0	0
989	0	0	0	0	0
990	0	0	0	0	0
991	0	0	0	0	0
992	0	0	0	0	0
993	0	0	0	0	0
994	0	0	0	0	0
995	0	0	0	0	0
996	0	0	0	0	0
997	0	0	0	0	0
998	0	0	0	0	0
999	0	0	0	0	0
1000	0	0	0	0	0
1001	0	0	0	0	0
1002	0	0	0	0	0
1003	0	0	0	0	0
1004	0	0	0	0	0
1005	0	0	0	0	0
1006	0	0	0	0	0
1007	0	0	0	0	0
1008	0	0	0	0	0
1009	0	0	0	0	0
1010	0	0	0	0	0
1011	0	0	0	0	0
1012	0	0	0	0	0
1013	0	0	0	0	0
1014	0	0	0	0	0
1015	0	0	0	0	0
1016	0	0	0	0	0
1017	0	0	0	0	0
1018	0	0	0	0	0
1019	0	0	0	0	0
1020	0	0	0	0	0
1021	0	0	0	0	0
1022	0	0	0	0	0
1023	0	0	0	0	0
1024	0	0	0	0	0
1025	0	0	0	0	0
1026	0	0	0	0	0
1027	0	0	0	0	0
1028	0	0	0	0	0
1029	0	0	0	0	0
1030	0	0	0	0	0
1031	0	0	0	0	0
1032	0	0	0	0	0
1033	0	0	0	0	0
1034	0	0	0	0	0
1035	0	0	0	0	0
1036	0	0	0	0	0
1037	0	0	0	0	0
1038	0	0	0	0	0
1039	0	0	0	0	0
1040	0	0	0	0	0
1041	0	0	0	0	0
1042	0	0	0	0	0
1043	0	0	0	0	0
1044	0	0	0	0	0
1045	0	0	0	0	0
1046	0	0	0	0	0
1047	0	0	0	0	0
1048	0	0	0	0	0
1049	0	0	0	0	0
1050	0	0	0	0	0
1051	0	0	0	0	0
1052	0	0	0	0	0
1053	0	0	0	0	0
1054	0	0	0	0	0
1055	0	0	0	0	0
1056	0	0	0	0	0
1057	0	0	0	0	0
1058	0	0	0	0	0
1059	0	0	0	0	0
1060	0	0	0	0	0
1061	0	0	0	0	0
1062	0	0	0	0	0
1063	0	0	0	0	0
1064	0	0	0	0	0
1065	0	0	0	0	0
1066	0	0	0	0	0
1067	0	0	0	0	0
1068	0	0	0	0	0
1069	0	0	0	0	0
1070	0	0	0	0	0
1071	0	0	0	0	0
1072	0	0	0	0	0
1073	0	0	0	0	0
1074	0	0	0	0	0
1075	0	0	0	0	0
1076	0	0	0	0	0
1077	0	0	0	0	0
1078	0	0	0	0	0
1079	0	0	0	0	0
1080	0	0	0	0	0
1081	0	0	0	0	0
1082	0	0	0	0	0
1083	0	0	0	0	0
1084	0	0	0	0	0
1085	0	0	0	0	0
1086	0	0	0	0	0
1087	0	0	0	0	0
1088	0	0	0	0	0
1089	0	0	0	0	0
1090	0	0	0	0	0
1091	0	0	0	0	0
1092	0	0	0	0	0
1093	0	0	0	0	0
1094	0	0	0	0	0
1095	0	0	0	0	0
1096	0	0	0	0	0
1097	0	0	0	0	0
1098	0	0	0	0	0
1099	0	0	0	0	0
1100	0	0	0	0	0
1101	0	0	0	0	0
1102	0	0	0	0	0
1103	0	0	0	0	0
1104	0	0	0	0	0
1105	0	0	0	0	0
1106	0	0	0	0	0
1107	0	0	0	0	0
1108	0	0	0	0	0
1109	0	0	0	0	0
1110	0	0	0	0	0
1111	0	0	0	0	0
1112	0	0	0	0	0
1113	0	0	0	0	0
1114	0	0	0	0	0
1115	0	0	0	0	0
1116	0	0	0	0	0
1117	0	0	0	0	0
1118	0	0	0	0	0
1119	0	0	0	0	0
1120	0	0	0	0	0
1121	0	0	0	0	0
1122	0	0	0	0	0
1123	0	0	0	0	0
1124	0	0	0	0	0
1125	0	0	0	0	0
1126	0	0	0	0	0
1127	0	0	0	0	0
1128	0	0	0	0	0
1129	0	0	0	0	0
1130	0	0	0	0	0
1131	0	0	0	0	0
1132	0	0	0	0	0
1133	0	0	0	0	0
1134	0	0	0	0	0
1135	0	0	0	0	0
1136	0	0	0	0	0
1137	0	0	0	0	0
1138	0	0	0	0	0
1139	0	0	0	0	0
1140	0	0	0	0	0
1141	0	0	0	0	0
1142	0	0	0	0	0
1143	0	0	0	0	0
1144	0	0	0	0	0
1145	0	0	0	0	0
1146	0	0	0	0	0
1147	0	0	0	0	0
1148	0	0	0	0	0
1149	0	0	0	0	0
1150	0	0	0	0	0
1151	0	0	0	0	0
1152	0	0	0	0	0
1153	0	0	0	0	0
1154	0	0	0	0	0
1155	0	0	0	0	0
1156	0	0	0	0	0
1157	0	0	0	0	0
1158	0	0	0	0	0
1159	0	0	0	0	0
1160	0	0	0	0	0
1161	0	0	0	0	0
1162	0	0	0	0	0
1163	0	0	0	0	0
1164	0	0	0	0	0
1165	0	0	0	0	0
1166	0	0	0	0	0
1167	0	0	0	0	0
1168	0	0	0	0	0
1169	0	0	0	0	0
1170	0	0	0	0	0
1171	0	0	0	0	0
1172	0	0	0	0	0
1173	0	0	0	0	0
1174	0	0	0	0	0
1175	0	0	0	0	0
1176	0	0	0	0	0
1177	0	0	0	0	0
1178	0	0	0	0	0
1179	0	0	0	0	0
1180	0	0	0	0	0
1181	0	0	0	0	0
1182	0	0	0	0	0
1183	0	0	0	0	0
1184	0	0	0	0	0
1185	0	0	0	0	0
1186	0	0	0	0	0
1187	0	0	0	0	0
1188	0	0	0	0	0
1189	0	0	0	0	0
1190	0	0	0	0	0
1191	0	0	0	0	0
1192	0	0	0	0	0
1193	0	0	0	0	0
1194	0	0	0	0	0
1195	0	0	0	0	0
1196	0	0	0	0	0
1197	0	0	0	0	0
1198	0	0	0	0	0
1199	0	0	0	0	0
1200	0	0	0	0	0
1201	0	0	0	0	0
1202	0	0	0	0	0
1203	0	0	0	0	0
1204	0	0	0	0	0
1205	0	0	0	0	0
1206	0	0	0	0	0
1207	0	0	0	0	0
1208	0	0	0	0	0
1209	0	0	0	0	0
1210	0	0	0	0	0
1211	0	0	0	0	0
1212	0	0	0	0	0
1213	0	0	0	0	0
1214	0	0	0	0	0
1215	0	0	0	0	0
1216	0	0	0	0	0
1217	0	0	0	0	0
1218	0	0	0	0	0
1219	0	0	0	0	0
1220	0	0	0	0	0
1221	0	0	0	0	0
1222	0	0	0	0	0
1223	0	0	0	0	0
1224	0	0	0	0	0
1225	0	0	0	0	0
1226	0	0	0	0	0
1227	0	0	0	0	0
1228	0	0	0	0	0
1229	0	0	0	0	0
1230	0	0	0	0	0
1231	0	0	0	0	0
1232	0	0	0	0	0
1233	0	0	0	0	0
1234	0	0	0	0	0
1235	0	0	0	0	0
1236	0	0	0	0	0
1237	0	0	0	0	0
1238	0	0	0	0	0
1239	0	0	0	0	0
1240	0	0	0	0	0
1241	0	0	0	0	0
1242	0	0	0	0	0
1243	0	0	0	0	0
1244	0	0	0	0	0
1245	0	0	0	0	0
1246	0	0	0	0	0
1247	0	0	0	0	0
1248	0	0	0	0	0
1249	0	0	0	0	0
1250	0	0	0	0	0
1251	0	0	0	0	0
1252	0	0	0	0	0
1253	0	0	0	0	0
1254	0	0	0	0	0
1255	0	0	0	0	0
1256	0	0	0	0	0
1257	0	0	0	0	0
1258	0	0	0	0	0
1259	0	0	0	0	0
1260	0	0	0	0	0
1261	0	0	0	0	0
1262	0	0	0	0	0
1263	0	0	0	0	0
1264	0	0	0	0	0
1265	0	0	0	0	0
1266	0	0	0	0	0
1267	0	0	0	0	0
1268	0	0	0	0	0
1269	0	0	0	0	0
1270	0	0	0	0	0
1271	0	0	0	0	0
1272	0	0	0	0	0
1273	0	0	0	0	0
1274	0	0	0	0	0
1275	0	0	0	0	0
1276	0	0	0	0	0
1277	0	0	0	0	0
1278	0	0	0	0	0
1279	0	0	0	0	0
1280	0	0	0	0	0
1281	0	0	0	0	0
1282	0	0	0	0	0
1283	0	0	0	0	0
1284	0	0	0	0	0
1285	0	0	0	0	0
1286	0	0	0	0	0
1287	0	0	0	0	0
1288	0	0	0	0	0
1289	0	0	0	0	0
1290	0	0	0	0	0
1291	0	0	0	0	0
1292	0	0	0	0	0
1293	0	0	0	0	0
1294	0	0	0	0	0
1295	0	0	0	0	0
1296	0	0	0	0	0
1297	0	0	0	0	0
1298	0	0	0	0	0
1299	0	0	0	0	0
1300	0	0	0	0	0
1301	0	0	0	0	0
1302	0	0	0	0	0
1303	0	0	0	0	0
1304	0	0	0	0	0
1305	0	0	0	0	0
1306	0	0	0	0	0
1307	0	0	0	0	0
1308	0	0	0	0	0
1309	0	0	0	0	0
1310	0	0	0	0	0
1311	0	0	0	0	0
1312	0	0	0	0	0
1313	0	0	0	0	0
1314	0	0	0	0	0
1315	0	0	0	0	0
1316	0	0	0	0	0
1317	0	0	0	0	0
1318	0	0	0	0	0
1319	0	0	0	0	0
1320	0	0	0	0	0
1321	0	0	0	0	0
1322	0	0	0	0	0
1323	0	0	0	0	0
1324	0	0	0	0	0
1325	0	0	0	0	0
1326	0	0	0	0	0
1327	0	0	0	0	0
1328	0	0	0	0	0
1329	0	0	0	0	0
1330	0	0	0	0	0
1331	0	0	0	0	0
1332	0	0	0	0	0
1333	0	0	0	0	0
1334	0	0	0	0	0
1335	0	0	0	0	0
1336	0	0	0	0	0
1337	0	0	0	0	0
1338	0	0	0	0	0
1339	0	0	0	0	0
1340	0	0	0	0	0
1341	0	0	0	0	0
1342	0	0	0	0	0
1343	0	0	0	0	0
1344	0	0	0	0	0
1345	0	0	0	0	0
1346	0	0	0	0	0
1347	0	0	0	0	0
1348	0	0	0	0	0
1349	0	0	0	0	0
1350	0	0	0	0	0
1351	0	0	0	0	0
1352	0	0	0	0	0
1353	0	0	0	0	0
1354	0	0	0	0	0
1355	0	0	0	0	0
1356	0	0	0	0	0
1357	0	0	0	0	0
1358	0	0	0	0	0
1359	0	0	0	0	0
1360	0	0	0	0	0
1361	0	0	0	0	0
1362	0	0	0	0	0
1363	0	0	0	0	0
1364	0	0	0	0	0
1365	0	0	0	0	0
1366	0	0	0	0	0
1367	0	0	0	0	0
1368	0	0	0	0	0
1369	0	0	0	0	0
1370	0	0	0	0	0
1371	0	0	0	0	0
1372	0	0	0	0	0
1373	0	0	0	0	0
1374	0	0	0	0	0
1375	0	0	0	0	0
1376	0	0	0	0	0
1377	0	0	0	0	0
1378	0	0	0	0	0
1379	0	0	0	0	0
1380	0	0	0	0	0
1381	0	0	0	0	0
1382	0	0	0	0	0
1383	0	0	0	0	0
1384	0	0	0	0	0
1385	0	0	0	0	0
1386	0	0	0	0	0
1387	0	0	0	0	0
1388	0	0	0	0	0
1389	0	0	0	0	0
1390	0	0	0	0	0
1391	0	0	0	0	0
1392	0	0	0	0	0
1393	0	0	0	0	0
1394	0	0	0	0	0
1395	0	0	0	0	0
1396	0	0	0	0	0
1397	0	0	0	0	0
1398	0	0	0	0	0
1399	0	0	0	0	0
1400	0	0	0	0	0
1401	0	0	0	0	0
1402	0	0	0	0	0
1403	0	0	0	0	0
1404	0	0	0	0	0
1405	0	0	0	0	0
1406	0	0	0	0	0
1407	0	0	0	0	0
1408	0	0	0	0	0
1409	0	0	0	0	0
1410	0	0	0	0	0
1411	0	0	0	0	0
1412	0	0	0	0	0
1413	0	0	0	0	0
1414	0	0	0	0	0
1415	0	0	0	0	0
1416	0	0	0	0	0
1417	0	0	0	0	0
1418	0	0	0	0	0
1419	0	0	0	0	0
1420	0	0	0	0	0
1421	0	0	0	0	0
1422	0	0	0	0	0
1423	0	0	0	0	0
1424	0	0	0	0	0
1425	0	0	0	0	0
1426	0	0	0	0	0
1427	0	0	0	0	0
1428	0	0	0	0	0
1429	0	0	0	0	0
1430	0	0	0	0	0
1431	0	0	0	0	0
1432	0	0	0	0	0
1433	0	0	0	0	0
1434	0	0	0	0	0
1435	0	0	0	0	0
1436	0	0	0	0	0
1437	0	0	0	0	0
1438	0	0	0	0	0
1439	0	0	0	0	0
1440	0	0	0	0	0
1441	0	0	0	0	0
1442	0	0	0	0	0
1443	0	0	0	0	0
1444	0	0	0	0	0
1445	0	0	0	0	0
1446	0	0	0	0	0
1447	0	0	0	0	0
1448	0	0	0	0	0
1449	0	0	0	0	0
1450	0	0	0	0	0
1451	0	0	0	0	0
1452	0	0	0	0	0
1453	0	0	0	0	0
1454	0	0	0	0	0
1455	0	0	0	0	0
1456	0	0	0	0	0
1457	0	0	0	0	0
1458	0	0	0	0	0
1459	0	0	0	0	0
1460	0	0	0	0	0
1461	0	0	0	0	0
1462	0	0	0	0	0
1463	0	0	0	0	0
1464	0	0	0	0	0
1465	0	0	0	0	0
1466	0	0	0	0	0
1467	0	0	0	0	0
1468	0	0	0	0	0
1469	0	0	0	0	0
1470	0	0	0	0	0
1471	0	0	0	0	0
1472	0	0	0	0	0
1473	0	0	0	0	0
1474	0	0	0	0	0
1475	0	0	0	0	0
1476	0	0	0	0	0
1477	0	0	0	0	0
1478	0	0	0	0	0
1479	0	0	0	0	0
1480	0	0	0	0	0
1481	0	0	0	0	0
1482	0	0	0	0	0
1483	0	0	0	0	0
1484	0	0	0	0	0
1485	0	0	0	0	0
1486	0	0	0	0	0
1487	0	0	0	0	0
1488	0	0	0	0	0
1489	0	0	0	0	0
1490	0	0	0	0	0
1491	0	0	0	0	0
1492	0	0	0	0	0
1493	0	0	0	0	0
1494	0	0	0	0	0
1495	0	0	0	0	0
1496	0	0	0	0	0
1497	0	0	0	0	0
1498	0	0	0	0	0
1499	0	0	0	0	0
1500	0	0	0	0	0
1501	0	0	0	0	0
1502	0	0	0	0	0
1503	0	0	0	0	0
1504	0	0	0	0	0
1505	0	0	0	0	0
1506	0	0	0	0	0
1507	0	0	0	0	0
1508	0	0	0	0	0
1509	0	0	0	0	0
1510	0	0	0	0	0
1511	0	0	0	0	0
1512	0	0	0	0	0
1513	0	0	0	0	0
1514	0	0	0	0	0
1515	0	0	0	0	0
1516	0	0	0	0	0
1517	0	0	0	0	0
1518	0	0	0	0	0
1519	0	0	0	0	0
1520	0	0	0	0	0
1521	0	0	0	0	0
1522	0	0	0	0	0
1523	0	0	0	0	0
1524	0	0	0	0	0
1525	0	0	0	0	0
1526	0	0	0	0	0
1527	0	0	0	0	0
1528	0	0	0	0	0
1529	0	0	0	0	0
1530	0	0	0	0	0
1531	0	0	0	0	0
1532	0	0	0	0	0
1533	0	0	0	0	0
1534	0	0	0	0	0
1535	0	0	0	0	0
1536	0	0	0	0	0
1537	0	0	0	0	0
1538	0	0	0	0	0
1539	0	0	0	0	0
1540	0	0	0	0	0
1541	0	0	0	0	0
1542	0	0	0	0	0
1543	0	0	0	0	0
1544	0	0	0	0	0
1545	0	0	0	0	0
1546	0	0	0	0	0
1547	0	0	0	0	0
1548	0	0	0	0	0
1549	0	0	0	0	0
1550	0	0	0	0	0
1551	0	0	0	0	0
1552	0	0	0	0	0
1553	0	0	0	0	0
1554	0	0	0	0	0
1555	0	0	0	0	0
1556	0	0	0	0	0
1557	0	0	0	0	0
1558	0	0	0	0	0
1559	0	0	0	0	0
1560	0	0	0	0	0
1561	0	0	0	0	0
1562	0	0	0	0	0
1563	0	0	0	0	0
1564	0	0	0	0	0
1565	0	0	0	0	0
1566	0	0	0	0	0
1567	0	0	0	0	0
1568	0	0	0	0	0
1569	0	0	0	0	0
1570	0	0	0	0	0
1571	0	0	0	0	0
1572	0	0	0	0	0
1573	0	0	0	0	0
1574	0	0	0	0	0
1575	0	0	0	0	0
1576	0	0	0	0	0
1577	0	0	0	0	0
1578	0	0	0	0	0
1579	0	0	0	0	0
1580	0	0	0	0	0
1581	0	0	0	0	0
1582	0	0	0	0	0
1583	0	0	0	0	0
1584	0	0	0	0	0
1585	0	0	0	0	0
1586	0	0	0	0	0
1587	0	0	0	0	0
1588	0	0	0	0	0
1589	0	0	0	0	0
1590	0	0	0	0	0
1591	0	0	0	0	0
1592	0	0	0	0	0
1593	0	0	0	0	0
1594	0	0	0	0	0
1595	0	0	0	0	0
1596	0	0	0	0	0
1597	0	0	0	0	0
1598	0	0	0	0	0
1599	0	0	0	0	0
1600	0	0	0	0	0
1601	0	0	0	0	0
1602	0	0	0	0	0
1603	0	0	0	0	0
1604	0	0	0	0	0
1605	0	0	0	0	0
1606	0	0	0	0	0
1607	0	0	0	0	0
1608	0	0	0	0	0
1609	0	0	0	0	0
1610	0	0	0	0	0
1611	0	0	0	0	0
1612	0	0	0	0	0
1613	0	0	0	0	0
1614	0	0	0	0	0
1615	0	0	0	0	0
1616	0	0	0	0	0
1617	0	0	0	0	0
1618	0	0	0	0	0
1619	0	0	0	0	0
1620	0	0	0	0	0
1621	0	0	0	0	0
1622	0	0	0	0	0
1623	0	0	0	0	0
1624	0	0	0	0	0
1625	0	0	0	0	0
1626	0	0	0	0	0
1627	0	0	0	0	0
1628	0	0	0	0	0
1629	0	0	0	0	0
1630	0	0	0	0	0
1631	0	0	0	0	0
1632	0	0	0	0	0
1633	0	0	0	0	0
1634	0	0	0	0	0
1635	0	0	0	0	0
1636	0	0	0	0	0
1637	0	0	0	0	0
1638	0	0	0	0	0
1639	0	0	0	0	0
1640	0	0	0	0	0
1641	0	0	0	0	0
1642	0	0	0	0	0
1643	0	0	0	0	0
1644	0	0	0	0	0
1645	0	0	0	0	0
1646	0	0	0	0	0
1647	0	0	0	0	0
1648	0	0	0	0	0
1649	0	0	0	0	0
1650	0	0	0	0	0
1651	0	0	0	0	0
1652	0	0	0	0	0
1653	0	0	0	0	0
1654	0	0	0	0	0
1655	0	0	0	0	0
1656	0	0	0	0	0
1657	0	0	0	0	0
1658	0	0	0	0	0
1659	0	0	0	0	0
1660	0	0	0	0	0
1661	0	0	0	0	0
1662	0	0	0	0	0
1663	0	0	0	0	0
1664	0	0	0	0	0
1665	0	0	0	0	0
1666	0	0	0	0	0
1667	0	0	0	0	0
1668	0	0	0	0	0
1669	0	0	0	0	0
1670	0	0	0	0	0
1671	0	0	0	0	0
1672	0	0	0	0	0
1673	0	0	0	0	0
1674	0	0	0	0	0
1675	0	0	0	0	0
1676	0	0	0	0	0
1677	0	0	0	0	0
1678	0	0	0	0	0
1679	0	0	0	0	0
1680	0	0	0	0	0
1681	0	0	0	0	0
1682	0	0	0	0	0
1683	0	0	0	0	0
1684	0	0	0	0	0
1685	0	0	0	0	0
1686	0	0	0	0	0
1687	0	0	0	0	0
1688	0	0	0	0	0
1689	0	0	0	0	0
1690	0	0	0	0	0
1691	0	0	0	0	0
1692	0	0	0	0	0
1693	0	0	0	0	0
1694	0	0	0	0	0
1695	0	0	0	0	0
1696	0	0	0	0	0
1697	0	0	0	0	0
1698	0	0	0	0	0
1699	0	0	0	0	0
1700	0	0	0	0	0
1701	0	0	0	0	0
1702	0	0	0	0	0
1703	0	0	0	0	0
1704	0	0	0	0	0
1705	0	0	0	0	0
1706	0	0	0	0	0
1707	0	0	0	0	0
1708	0	0	0	0	0
1709	0	0	0	0	0
1710	0	0	0	0	0
1711	0	0	0	0	0
1712	0	0	0	0	0
1713	0	0	0	0	0
1714	0	0	0	0	0
1715	0	0	0	0	0
1716	0	0	0	0	0
1717	0	0	0	0	0
1718	0	0	0	0	0
1719	0	0	0	0	0
1720	0	0	0	0	0
1721	0	0	0	0	0
1722	0	0	0	0	0
1723	0	0	0	0	0
1724	0	0	0	0	0
1725	0	0	0	0	0
1726	0	0	0	0	0
1727	0	0	0	0	0
1728	0	0	0	0	0
1729	0	0	0	0	0
1730	0	0	0	0	0
1731	0	0	0	0	0
1732	0	0	0	0	0
1733	0	0	0	0	0
1734	0	0	0	0	0
1735	0	0	0	0	0
1736	0	0	0	0	0
1737	0	0	0	0	0
1738	0	0	0	0	0
1739	0	0	0	0	0
1740	0	0	0	0	0
1741	0	0	0	0	0
1742	0	0	0	0	0
1743	0	0	0	0	0
1744	0	0	0	0	0
1745	0	0	0	0	0
1746	0	0	0	0	0
1747	0	0	0	0	0
1748	0	0	0	0	0
1749	0	0	0	0	0
1750	0	0	0	0	0
1751	0	0	0	0	0
1752	0	0	0	0	0
1753	0	0	0	0	0
1754	0	0	0	0	0
1755	0	0	0	0	0
1756	0	0	0	0	0
1757	0	0	0	0	0
1758	0	0	0	0	0
1759	0	0	0	0	0
1760	0	0	0	0	0
1761	0	0	0	0	0
1762	0	0	0	0	0
1763	0	0	0	0	0
1764	0	0	0	0	0
1765	0	0	0	0	0
1766	0	0	0	0	0
1767	0	0	0	0	0
1768	0	0	0	0	0
1769	0	0	0	0	0
1770	0	0	0	0	0
1771	0	0	0	0	0
1772	0	0	0	0	0
1773	0	0	0	0	0
1774	0	0	0	0	0
1775	0	0	0	0	0
1776	0	0	0	0	0
1777	0	0	0	0	0
1778	0	0	0	0	0
1779	0	0	0	0	0
1780	0	0	0	0	0
1781	0	0	0	0	0
1782	0	0	0	0	0
1783	0	0	0	0	0
1784	0	0	0	0	0
1785	0	0	0	0	0
1786	0	0	0	0	0
1787	0	0	0	0	0
1788	0	0	0	0	0
1789	0	0	0	0	0
1790	0	0	0	0	0
1791	0	0	0	0	0
1792	0	0	0	0	0
1793	0	0	0	0	0
1794	0	0	0	0	0
1795	0	0	0	0	0
1796	0	0	0	0	0
1797	0	0	0	0	0
1798	0	0	0	0	0
1799	0	0	0	0	0
1800	0	0	0	0	0
1801	0	0	0	0	0
1802	0	0	0	0	0
1803	0	0	0	0	0
1804	0	0	0	0	0
1805	0	0	0	0	0
1806	0	0	0	0	0
1807	0	0	0	0	0
1808	0	0	0	0	0
1809	0	0	0	0	0
1810	0	0	0	0	0
1811	0	0	0	0	0
1812	0	0	0	0	0
1813	0	0	0	0	0
1814	0	0	0	0	0
1815	0	0	0	0	0
1816	0	0	0	0	0
1817	0	0	0	0	0
1818	0	0	0	0	0
1819	0	0	0	0	0
1820	0	0	0	0	0
1821	0	0	0	0	0
1822	0	0	0	0	0
1823	0	0	0	0	0
1824	0	0	0	0	0
1825	0	0	0	0	0
1826	0	0	0	0	0
1827	0	0	0	0	0
1828	0	0	0	0	0
1829	0	0	0	0	0
1830	0	0	0	0	0
1831	0	0	0	0	0
1832	0	0	0	0	0
1833	0	0	0	0	0
1834	0	0	0	0	0
1835	0	0	0	0	0
1836	0	0	0	0	0
1837	0	0	0	0	0
1838	0	0	0	0	0
1839	0	0	0	0	0
1840	0	0	0	0	0
1841	0	0	0	0	0
1842	0	0	0	0	0
1843	0	0	0	0	0
1844	0	0	0	0	0
1845	0	0	0	0	0
1846	0	0	0	0	0
1847	0	0	0	0	0
1848	0	0	0	0	0
1849	0	0	0	0	0
1850	0	0	0	0	0
1851	0	0	0	0	0
1852	0	0	0	0	0
1853	0	0	0	0	0
1854	0	0	0	0	0
1855	0	0	0	0	0
1856	0	0	0	0	0
1857	0	0	0	0	0
1858	0	0	0	0	0
1859	0	0	0	0	0
1860	0	0	0	0	0
1861	0	0	0	0	0
1862	0	0	0	0	0
1863	0	0	0	0	0
1864	0	0	0	0	0
1865	0	0	0	0	0
1866	0	0	0	0	0
1867	0	0	0	0	0
1868	0	0	0	0	0
1869	0	0	0	0	0
1870	0	0	0	0	0
1871	0	0	0	0	0
1872	0	0	0	0	0
1873	0	0	0	0	0
1874	0	0	0	0	0
1875	0	0	0	0	0
1876	0	0	0	0	0
1877	0	0	0	0	0
1878	0	0	0	0	0
1879	0	0	0	0	0
1880	0	0	0	0	0
1881	0	0	0	0	0
1882	0	0	0	0	0
1883	0	0	0	0	0
1884	0	0	0	0	0
1885	0	0	0	0	0
1886	0	0	0	0	0
1887	0	0	0	0	0
1888	0	0	0	0	0
1889	0	0	0	0	0
1890	0	0	0	0	0
1891	0	0	0	0	0
1892	0	0	0	0	0
1893	0	0	0	0	0
1894	0	0	0	0	0
1895	0	0	0	0	0
1896	0	0	0	0	0
1897	0	0	0	0	0
1898	0	0	0	0	0
1899	0	0	0	0	0
1900	0	0	0	0	0
1901	0	0	0	0	0
1902	0	0	0	0	0
1903	0	0	0	0	0
1904	0	0	0	0	0
1905	0	0	0	0	0
1906	0	0	0	0	0
1907	0	0	0	0	0
1908	0	0	0	0	0
1909	0	0	0	0	0
1910	0	0	0	0	0
1911	0	0	0	0	0
1912	0	0	0	0	0
1913	0	0	0	0	0
1914	0	0	0	0	0
1915	0	0	0	0	0
1916	0	0	0	0	0
1917	0	0	0	0	0
1918	0	0	0	0	0
1919	0	0	0	0	0
1920	0	0	0	0	0
1921	0	0	0	0	0
1922	0	0	0	0	0
1923	0	0	0	0	0
1924	0	0	0	0	0
1925	0	0	0	0	0
1926	0	0	0	0	0
1927	0	0	0	0	0
1928	0	0	0	0	0
1929	0	0	0	0	0
1930	0	0	0	0	0
1931	0	0	0	0	0
1932	0	0	0	0	0
1933	0	0	0	0	0
1934	0	0	0	0	0
1935	0	0	0	0	0
1936	0	0	0	0	0
1937	0	0	0	0	0
1938	0	0	0	0	0
1939	0	0	0	0	0
1940	0	0	0	0	0
1941	0	0	0	0	0
1942	0	0	0	0	0
1943	0	0	0	0	0
1944	0	0	0	0	0
1945	0	0	0	0	0
1946	0	0	0	0	0
1947	0	0	0	0	0
1948	0	0	0	0	0
1949	0	0	0	0	0
1950	0	0	0	0	0
1951	0	0	0	0	0
1952	0	0	0	0	0
1953	0	0	0	0	0
1954	0	0	0	0	0
1955	0	0	0	0	0
1956	0	0	0	0	0
1957	0	0	0	0	0
1958	0	0	0	0	0
1959	0	0	0	0	0
1960	0	0	0	0	0
1961	0	0	0	0	0
1962	0	0	0	0	0
1963	0	0	0	0	0
1964	0	0	0	0	0
1965	0	0	0	0	0
1966	0	0	0	0	0
1967	0	0	0	0	0
1968	0	0	0	0	0
1969	0	0	0	0	0
1970	0	0	0	0	0
1971	0	0	0	0	0
1972	0	0	0	0	0
1973	0	0	0	0	0
1974	0	0	0	0	0
1975	0	0	0	0	0
1976	0	0	0	0	0
1977	0	0	0	0	0
1978	0	0	0	0	0
1979	0	0	0	0	0
1980	0	0	0	0	0
1981	0	0	0	0	0
1982	0	0	0	0	0
1983	0	0	0	0	0
1984	0	0	0	0	0
1985	0	0	0	0	0
1986	0	0	0	0	0
1987	0	0	0	0	0
1988	0	0	0	0	0
1989	0	0	0	0	0
1990	0	0	0	0	0
1991	0	0	0	0	0
1992	0	0	0	0	0
1993	0	0	0	0	0
1994	0	0	0	0	0
1995	0	0	0	0	0
1996	0	0	0	0	0
1997	0	0	0	0	0
1998	0	0	0	0	0
1999	0	0	0	0	0
2000	0	0	0	0	0
2001	0	0	0	0	0
2002	0	0	0	0	0
2003	0	0	0	0	0
2004	0	0	0	0	0
2005	0	0	0	0	0
2006	0	0	0	0	0
2007	0	0	0	0	0
2008	0	0	0	0	0
2009	0	0	0	0	0
2010	0	0	0	0	0
2011	0	0	0	0	0
2012	0	0	0	0	0
2013	0	0	0	0	0
2014	0	0	0	0	0
2015	0	0	0	0	0
2016	0	0	0	0	0
2017	0	0	0	0	0
2018	0	0	0	0	0
2019	0	0	0	0	0
2020	0	0	0	0	0
2021	0	0	0	0	0
2022	0	0	0	0	0
2023	0	0	0	0	0
2024	0	0	0	0	0
2025	0	0	0	0	0
2026	0	0	0	0	0
2027	0	0	0	0	0
2028	0	0	0	0	0
2029	0	0	0	0	0
2030	0	0	0	0	0
2031	0	0	0	0	0
2032	0	0	0	0	0
2033	0	0	0	0	0
2034	0	0	0	0	0
2035	0	0	0	0	0
2036	0	0	0	0	0
2037	0	0	0	0	0
2038	0	0	0	0	0
2039	0	0	0	0	0
2040	0	0	0	0	0
2041	0	0	0	0	0
2042	0	0	0	0	0
2043	0	0	0	0	0
2044	0	0	0	0	0
2045	0	0	0	0	0
2046	0	0	0	0	0
2047	0	0	0	0	0
2048	0	0	0	0	0
2049	0	0	0	0	0
2050	0	0	0	0	0
2051	0	0	0	0	0
2052	0	0	0	0	0
2053	0	0	0	0	0
2054	0	0	0	0	0
2055	0	0	0	0	0
2056	0	0	0	0	0
2057	0	0	0	0	0
2058	0	0	0	0	0
2059	0	0	0	0	0
2060	0	0	0	0	0
2061	0	0	0	0	0
2062	0	0	0	0	0
2063	0	0	0	0	0
2064	0	0	0	0	0
2065	0	0	0	0	0
2066	0	0	0	0	0
2067	0	0	0	0	0
2068	0	0	0	0	0
2069	0	0	0	0	0
2070	0	0	0	0	0
2071	0	0	0	0	0
2072	0	0	0	0	0
2073	0	0	0	0	0
2074	0	0	0	0	0
2075	0	0	0	0	0
2076	0	0	0	0	0
2077	0	0	0	0	0
2078	0	0	0	0	0
2079	0	0	0	0	0
2080	0	0	0	0	0
2081	0	0	0	0	0
2082	0	0	0	0	0
2083	0	0	0	0	0
2084	0	0	0	0	0
2085	0	0	0	0	0
2086	0	0	0	0	0
2087	0	0	0	0	0
2088	0	0	0	0	0
2089	0	0	0	0	0
2090	0	0	0	0	0
2091	0	0	0	0	0
2092	0	0	0	0	0
2093	0	0	0	0	0
2094	0	0	0	0	0
2095	0	0	0	0	0
2096	0	0	0	0	0
2097	0	0	0	0	0
2098	0	0	0	0	0
2099	0	0	0	0	0
2100	0	0	0	0	0
2101	0	0	0	0	0
2102	0	0	0	0	0
2103	0	0	0	0	0
2104	0	0	0	0	0
2105	0	0	0	0	0
2106	0	0	0	0	0
2107	0	0	0	0	0
2108	0	0	0	0	0
2109	0	0	0	0	0
2110	0	0	0	0	0
2111	0	0	0	0	0
2112	0	0	0	0	0
2113	0	0	0	0	0
2114	0	0	0	0	0
2115	0	0	0	0	0
2116	0	0	0	0	0
2117	0	0	0	0	0
2118	0	0	0	0	0
2119	0	0	0	0	0
2120	0	0	0	0	0
2121	0	0	0	0	0
2122	0	0	0	0	0
2123	0	0	0	0	0
2124	0	0	0	0	0
2125	0	0	0	0	0
2126	0	0	0	0	0
2127	0	0	0	0	0
2128	0	0	0	0	0
2129	0	0	0	0	0
2130	0	0	0	0	0
2131	0	0	0	0	0
2132	0	0	0	0	0
2133	0	0	0	0	0
2134	0	0	0	0	0
2135	0	0	0	0	0
2136	0	0	0	0	0
2137	0	0	0	0	0
2138	0	0	0	0	0
2139	0	0	0	0	0
2140	0	0	0	0	0
2141	0	0	0	0	0
2142	0	0	0	0	0
2143	0	0	0	0	0
2144	0	0	0	0	0
2145	0	0	0	0	0
2146	0	0	0	0	0
2147	0	0	0	0	0
2148	0	0	0	0	0
2149	0	0	0	0	0
2150	0	0	0	0	0
2151	0	0	0	0	0
2152	0	0	0	0	0
2153	0	0	0	0	0
2154	0	0	0	0	0
2155	0	0	0	0	0
2156	0	0	0	0	0
2157	0	0	0	0	0
2158	0	0	0	0	0
2159	0	0	0	0	0
2160	0	0	0	0	0
2161	0	0	0	0	0
2162	0	0	0	0	0
2163	0	0	0	0	0
2164	0	0	0	0	0
2165	0	0	0	0	0
2166	0	0	0	0	0
2167	0	0	0	0	0
2168	0	0	0	0	0
2169	0	0	0	0	0
2170	0	0	0	0	0
2171	0	0	0	0	0
2172	0	0	0	0	0
2173	0	0	0	0	0
2174	0	0	0	0	0
2175	0	0	0	0	0
2176	0	0	0	0	0
2177	0	0	0	0	0
2178	0	0	0	0	0
2179	0	0	0	0	0
2180	0	0	0	0	0
2181	0	0	0	0	0
2182	0	0	0	0	0
2183	0	0	0	0	0
2184	0	0	0	0	0
2185	0	0	0	0	0
2186	0	0	0	0	0
2187	0	0	0	0	0
2188	0	0	0	0	0
2189	0	0	0	0	0
2190	0	0	0	0	0
2191	0	0	0	0	0
2192	0	0	0	0	0
2193	0	0	0	0	0
2194	0	0	0	0	0
2195	0	0	0	0	0
2196	0	0	0	0	0
2197	0	0	0	0	0
2198	0	0	0	0	0
2199	0	0	0	0	0
2200	0	0	0	0	0
2201	0	0	0	0	0
2202	0	0	0	0	0
2203	0	0	0	0	0
2204	0	0	0	0	0
2205	0	0	0	0	0
2206	0	0	0	0	0
2207	0	0	0	0	0
2208	0	0	0	0	0
2209	0	0	0	0	0
2210	0	0	0	0	0
2211	0	0	0	0	0
2212	0	0	0	0	0
2213	0	0	0	0	0
2214	0	0	0	0	0
2215	0	0	0	0	0
2216	0	0	0	0	0
2217	0	0	0	0	0
2218	0	0	0	0	0
2219	0	0	0	0	0
2220	0	0	0	0	0
2221	0	0	0	0	0
2222	0	0	0	0	0
2223	0	0	0	0	0
2224	0	0	0	0	0
2225	0	0	0	0	0
2226	0	0	0	0	0
2227	0	0	0	0	0
2228	0	0	0	0	0
2229	0	0	0	0	0
2230	0	0	0	0	0
2231	0	0	0	0	0
2232	0	0	0	0	0
2233	0	0	0	0	0
2234	0	0	0	0	0
2235	0	0	0	0	0
2236	0	0	0	0	0
2237	0	0	0	0	0
2238	0	0	0	0	0
2239	0	0	0	0	0
2240	0	0	0	0	0
2241	0	0	0	0	0
2242	0	0	0	0	0
2243	0	0	0	0	0
2244	0	0	0	0	0
2245	0	0	0	0	0
2246	0	0	0	0	0
2247	0	0	0	0	0
2248	0	0	0	0	0
2249	0	0	0	0	0
2250	0	0	0	0	0
2251	0	0	0	0	0
2252	0	0	0	0	0
2253	0	0	0	0	0
2254	0	0	0	0	0
2255	0	0	0	0	0
2256	0	0	0	0	0
2257	0	0	0	0	0
2258	0	0	0	0	0
2259	0	0	0	0	0
2260	0	0	0	0	0
2261	0	0	0	0	0
2262	0	0	0	0	0
2263	0	0	0	0	0
2264	0	0	0	0	0
2265	0	0	0	0	0
2266	0	0	0	0	0
2267	0	0	0	0	0
2268	0	0	0	0	0
2269	0	0	0	0	0
2270	0	0	0	0	0
2271	0	0	0	0	0
2272	0	0	0	0	0
2273	0	0	0	0	0
2274	0	0	0	0	0
2275	0	0	0	0	0
2276	0	0	0	0	0
2277	0	0	0	0	0
2278	0	0	0	0	0
2279	0	0	0	0	0
2280	0	0	0	0	0
2281	0	0	0	0	0
2282	0	0	0	0	0
2283	0	0	0	0	0
2284	0	0	0	0	0
2285	0	0	0	0	0
2286	0	0	0	0	0
2287	0	0	0	0	0
2288	0	0	0	0	0
2289	0	0	0	0	0
2290	0	0	0	0	0
2291	0	0	0	0	0
2292	0	0	0	0	0
2293	0	0	0	0	0
2294	0	0	0	0	0
2295	0	0	0	0	0
2296	0	0	0	0	0
2297	0	0	0	0	0
2298	0	0	0	0	0
2299	0	0	0	0	0
2300	0	0	0	0	0
2301	0	0	0	0	0
2302	0	0	0	0	0
2303	0	0	0	0	0
2304	0	0	0	0	0
2305	0	0	0	0	0
2306	0	0	0	0	0
2307	0	0	0	0	0
2308	0	0	0	0	0
2309	0	0	0	0	0
2310	0	0	0	0	0
2311	0	0	0	0	0
2312	0	0	0	0	0
2313	0	0	0	0	0
2314	0	0	0	0	0
2315	0	0	0	0	0
2316	0	0	0	0	0
2317	0	0	0	0	0
2318	0	0	0	0	0
2319	0	0	0	0	0
2320	0	0	0	0	0
2321	0	0	0	0	0
2322	0	0	0	0	0
2323	0	0	0	0	0
2324	0	0	0	0	0
2325	0	0	0	0	0
2326	0	0	0	0	0
2327	0	0	0	0	0
2328	0	0	0	0	0
2329	0	0	0	0	0
2330	0	0	0	0	0
2331	0	0	0	0	0
2332	0	0	0	0	0
2333	0	0	0	0	0
2334	0	0	0	0	0
2335	0	0	0	0	0
2336	0	0	0	0	0
2337	0	0	0	0	0
2338	0	0	0	0	0
2339	0	0	0	0	0
2340	0	0	0	0	0
2341	0	0	0	0	0
2342	0	0	0	0	0
2343	0	0	0	0	0
2344	0	0	0	0	0
2345	0	0	0	0	0
2346	0	0	0	0	0
2347	0	0	0	0	0
2348	0	0	0	0	0
2349	0	0	0	0	0
2350	0	0	0	0	0
2351	0	0	0	0	0
2352	0	0	0	0	0
2353	0	0	0	0	0
2354	0	0	0	0	0
2355	0	0	0	0	0
2356	0	0	0	0	0
2357	0	0	0	0	0
2358	0	0	0	0	0
2359	0	0	0	0	0
2360	0	0	0	0	0
2361	0	0	0	0	0
2362	0	0	0	0	0
2363	0	0	0	0	0
2364	0	0	0	0	0
2365	0	0	0	0	0
2366	0	0	0	0	0
2367	0	0	0	0	0
2368	0	0	0	0	0
2369	0	0	0	0	0
2370	0	0	0	0	0
2371	0	0	0	0	0
2372	0	0	0	0	0
2373	0	0	0	0	0
2374	0	0	0	0	0
2375	0	0	0	0	0
2376	0	0	0	0	0
2377	0	0	0	0	0
2378	0	0	0	0	0
2379	0	0	0	0	0
2380	0	0	0	0	0
2381	0	0	0	0	0
2382	0	0	0	0	0
2383	0	0	0	0	0
2384	0	0	0	0	0
2385	0	0	0	0	0
2386	0	0	0	0	0
2387	0	0	0	0	0
2388	0	0	0	0	0
2389	0	0	0	0	0
2390	0	0	0	0	0
2391	0	0	0	0	0
2392	0	0	0	0	0
2393	0	0	0	0	0
2394	0	0	0	0	0
2395	0	0	0	0	0
2396	0	0	0	0	0
2397	0	0	0	0	0
2398	0	0	0	0	0
2399	0	0	0	0	0
2400	0	0	0	0	0
2401	0	0	0	0	0
2402	0	0	0	0	0
2403	0	0	0	0	0
2404	0	0	0	0	0
2405	0	0	0	0	0
2406	0	0	0	0	0
2407	0	0	0	0	0
2408	0	0	0	0	0
2409	0	0	0	0	0
2410	0	0	0	0	0
2411	0	0	0	0	0
2412	0	0	0	0	0
2413	0	0	0	0	0
2414	0	0	0	0	0
2415	0	0	0	0	0
2416	0	0	0	0	0
2417	0	0	0	0	0
2418	0	0	0	0	0
2419	0	0	0	0	0
2420	0	0	0	0	0
2421	0	0	0	0	0
2422	0	0	0	0	0
2423	0	0	0	0	0
2424	0	0	0	0	0
2425	0	0	0	0	0
2426	0	0	0	0	0
2427	0	0	0	0	0
2428	0	0	0	0	0
2429	0	0	0	0	0
2430	0	0	0	0	0
2431	0	0	0	0	0
2432	0	0	0	0	0
2433	0	0	0	0	0
2434	0	0	0	0	0
2435	0	0	0	0	0
2436	0	0	0	0	0
2437	0	0	0	0	0
2438	0	0	0	0	0
2439	0	0	0	0	0
2440	0	0	0	0	0
2441	0	0	0	0	0
2442	0	0	0	0	0
2443	0	0	0	0	0
2444	0	0	0	0	0
2445	0	0	0	0	0
2446	0	0	0	0	0
2447	0	0	0	0	0
2448	0	0	0	0	0
2449	0	0	0	0	0
2450	0	0	0	0	0
2451	0	0	0	0	0
2452	0	0	0	0	0
2453	0	0	0	0	0
2454	0	0	0	0	0
2455	0	0	0	0	0
2456	0	0	0	0	0
2457	0	0	0	0	0
2458	0	0	0	0	0
2459	0	0	0	0	0
2460	0	0	0	0	0
2461	0	0	0	0	0
2462	0	0	0	0	0
2463	0	0	0	0	0
2464	0	0	0	0	0
2465	0	0	0	0	0
2466	0	0	0	0	0
2467	0	0	0	0	0
2468	0	0	0	0	0
2469	0	0	0	0	0
2470	0	0	0	0	0
2471	0	0	0	0	0
2472	0	0	0	0	0
2473	0	0	0	0	0
2474	0	0	0	0	0
2475	0	0	0	0	0
2476	0	0	0	0	0
2477	0	0	0	0	0
2478	0	0	0	0	0
2479	0	0	0	0	0
2480	0	0	0	0	0
2481	0	0	0	0	0
2482	0	0	0	0	0
2483	0	0	0	0	0
2484	0	0	0	0	0
2485	0	0	0	0	0
2486	0	0	0	0	0
2487	0	0	0	0	0
2488	0	0	0	0	0
2489	0	0	0	0	0
2490	0	0	0	0	0
2491	0	0	0	0	0
2492	0	0	0	0	0
2493	0	0	0	0	0
2494	0	0	0	0	0
2495	0	0	0	0	0
2496	0	0	0	0	0
2497	0	0	0	0	0
2498	0	0	0	0	0
2499	0	0	0	0	0
2500	0	0	0	0	0
