Wavelength	B2	B3	B4	B5	B6	B7	B8	B8A	B11	B12
300	0	0	0	0	0	0	0	0	0	0
301	0	0	0	0	0	0	0	0	0	0
302	0	0	0	0	0	0	0	0	0	0
303	0	0	0	0	0	0	0	0	0	0
304	0	0	0	0	0	0	0	0	0	0
305	0	0	0	0	0	0	0	0	0	0
306	0	0	0	0	0	0	0	0	0	0
307	0	0	0	0	0	0	0	0	0	0
308	0	0	0	0	0	0	0	0	0	0
309	0	0	0	0	0	0	0	0	0	0
310	0	0	0	0	0	0	0	0	0	0
311	0	0	0	0	0	0	0	0	0	0
312	0	0	0	0	0	0	0	0	0	0
313	0	0	0	0	0	0	0	0	0	0
314	0	0	0	0	0	0	0	0	0	0
315	0	0	0	0	0	0	0	0	0	0
316	0	0	0	0	0	0	0	0	0	0
317	0	0	0	0	0	0	0	0	0	0
318	0	0	0	0	0	0	0	0	0	0
319	0	0	0	0	0	0	0	0	0	0
320	0	0	0	0	0	0	0	0	0	0
321	0	0	0	0	0	0	0	0	0	0
322	0	0	0	0	0	0	0	0	0	0
323	0	0	0	0	0	0	0	0	0	0
324	0	0	0	0	0	0	0	0	0	0
325	0	0	0	0	0	0	0	0	0	0
326	0	0	0	0	0	0	0	0	0	0
327	0	0	0	0	0	0	0	0	0	0
328	0	0	0	0	0	0	0	0	0	0
329	0	0	0	0	0	0	0	0	0	0
330	0	0	0	0	0	0	0	0	0	0
331	0	0	0	0	0	0	0	0	0	0
332	0	0	0	0	0	0	0	0	0	0
333	0	0	0	0	0	0	0	0	0	0
334	0	0	0	0	0	0	0	0	0	0
335	0	0	0	0	0	0	0	0	0	0
336	0	0	0	0	0	0	0	0	0	0
337	0	0	0	0	0	0	0	0	0	0
338	0	0	0	0	0	0	0	0	0	0
339	0	0	0	0	0	0	0	0	0	0
340	0	0	0	0	0	0	0	0	0	0
341	0	0	0	0	0	0	0	0	0	0
342	0	0	0	0	0	0	0	0	0	0
343	0	0	0	0	0	0	0	0	0	0
344	0	0	0	0	0	0	0	0	0	0
345	0	0	0	0	0	0	0	0	0	0
346	0	0	0	0	0	0	0	0	0	0
347	0	0	0	0	0	0	0	0	0	0
348	0	0	0	0	0	0	0	0	0	0
349	0	0	0	0	0	0	0	0	0	0
350	0	0	0	0	0	0	0	0	0	0
351	0	0	0	0	0	0	0	0	0	0
352	0	0	0	0	0	0	0	0	0	0
353	0	0	0	0	0	0	0	0	0	0
354	0	0	0	0	0	0	0	0	0	0
355	0	0	0	0	0	0	0	0	0	0
356	0	0	0	0	0	0	0	0	0	0
357	0	0	0	0	0	0	0	0	0	0
358	0	0	0	0	0	0	0	0	0	0
359	0	0	0	0	0	0	0	0	0	0
360	0	0	0	0	0	0	0	0	0	0
361	0	0	0	0	0	0	0	0	0	0
362	0	0	0	0	0	0	0	0	0	0
363	0	0	0	0	0	0	0	0	0	0
364	0	0	0	0	0	0	0	0	0	0
365	0	0	0	0	0	0	0	0	0	0
366	0	0	0	0	0	0	0	0	0	0
367	0	0	0	0	0	0	0	0	0	0
368	0	0	0	0	0	0	0	0	0	0
369	0	0	0	0	0	0	0	0	0	0
370	0	0	0	0	0	0	0	0	0	0
371	0	0	0	0	0	0	0	0	0	0
372	0	0	0	0	0	0	0	0	0	0
373	0	0	0	0	0	0	0	0	0	0
374	0	0	0	0	0	0	0	0	0	0
375	0	0	0	0	0	0	0	0	0	0
376	0	0	0	0	0	0	0	0	0	0
377	0	0	0	0	0	0	0	0	0	0
378	0	0	0	0	0	0	0	0	0	0
379	0	0	0	0	0	0	0	0	0	0
380	0	0	0	0	0	0	0	0	0	0
381	0	0	0	0	0	0	0	0	0	0
382	0	0	0	0	0	0	0	0	0	0
383	0	0	0	0	0	0	0	0	0	0
384	0	0	0	0	0	0	0	0	0	0
385	0	0	0	0	0	0	0	0	0	0
386	0	0	0	0	0	0	0	0	0	0
387	0	0	0	0	0	0	0	0	0	0
388	0	0	0	0	0	0	0	0	0	0
389	0	0	0	0	0	0	0	0	0	0
390	0	0	0	0	0	0	0	0	0	0
391	0	0	0	0	0	0	0	0	0	0
392	0	0	0	0	0	0	0	0	0	0
393	0	0	0	0	0	0	0	0	0	0
394	0	0	0	0	0	0	0	0	0	0
395	0	0	0	0	0	0	0	0	0	0
396	0	0	0	0	0	0	0	0	0	0
397	0	0	0	0	0	0	0	0	0	0
398	0	0	0	0	0	0	0	0	0	0
399	0	0	0	0	0	0	0	0	0	0
400	0	0	0	0	0	0	0	0	0	0
401	0	0	0	0	0	0	0	0	0	0
402	0	0	0	0	0	0	0	0	0	0
403	0	0	0	0	0	0	0	0	0	0
404	0	0	0	0	0	0	0	0	0	0
405	0	0	0	0	0	0	0	0	0	0
406	0	0	0	0	0	0	0	0	0	0
407	0	0	0	0	0	0	0	0	0	0
408	0	0	0	0	0	0	0	0	0	0
409	0	0	0	0	0	0	0	0	0	0
410	0	0	0	0	0	0	0	0	0	0
411	0	0	0	0	0	0	0	0	0	0
412	0	0	0	0	0	0	0	0	0	0
413	0	0	0	0	0	0	0	0	0	0
414	0	0	0	0	0	0	0	0	0	0
415	0	0	0	0	0	0	0	0	0	0
416	0	0	0	0	0	0	0	0	0	0
417	0	0	0	0	0	0	0	0	0	0
418	0	0	0	0	0	0	0	0	0	0
419	0	0	0	0	0	0	0	0	0	0
420	0	0	0	0	0	0	0	0	0	0
421	0	0	0	0	0	0	0	0	0	0
422	0	0	0	0	0	0	0	0	0	0
423	0	0	0	0	0	0	0	0	0	0
424	0	0	0	0	0	0	0	0	0	0
425	0	0	0	0	0	0	0	0	0	0
426	0	0	0	0	0	0	0	0	0	0
427	0	0	0	0	0	0	0	0	0	0
428	0	0	0	0	0	0	0	0	0	0
429	0	0	0	0	0	0	0	0	0	0
430	0	0	0	0	0	0	0	0	0	0
431	0	0	0	0	0	0	0	0	0	0
432	0	0	0	0	0	0	0	0	0	0
433	0	0	0	0	0	0	0	0	0	0
434	0	0	0	0	0	0	0	0	0	0
435	0	0	0	0	0	0	0	0	0	0
436	0.00581209	0	0	0	0	0	0	0	0	0
437	0.00561675	0	0	0	0	0	0	0	0	0
438	0.00557424	0	0	0	0	0	0	0	0	0
439	0.00534563	0	0	0	0	0	0	0	0	0
440	0.00519343	0	0	0	0	0	0	0	0	0
441	0.00505473	0	0	0	0	0	0	0	0	0
442	0.00494236	0	0	0	0	0	0	0	0	0
443	0.00497923	0	0	0	0	0	0	0	0	0
444	0.00477391	0	0	0	0	0	0	0	0	0
445	0.00455943	0	0	0	0	0	0	0	0	0
446	0.00434264	0	0	0	0	0	0	0	0	0
447	0.00425329	0	0	0	0	0	0	0	0	0
448	0.00418260	0	0	0	0	0	0	0	0	0
449	0.00414258	0	0	0	0	0	0	0	0	0
450	0.00416513	0	0	0	0	0	0	0	0	0
451	0.00431354	0	0	0	0	0	0	0	0	0
452	0.00512690	0	0	0	0	0	0	0	0	0
453	0.00924195	0	0	0	0	0	0	0	0	0
454	0.02788481	0	0	0	0	0	0	0	0	0
455	0.12563559	0	0	0	0	0	0	0	0	0
456	0.44773988	0	0	0	0	0	0	0	0	0
457	0.81587119	0	0	0	0	0	0	0	0	0
458	0.89685156	0	0	0	0	0	0	0	0	0
459	0.90598715	0	0	0	0	0	0	0	0	0
460	0.90248328	0	0	0	0	0	0	0	0	0
461	0.89398889	0	0	0	0	0	0	0	0	0
462	0.88482345	0	0	0	0	0	0	0	0	0
463	0.88074480	0	0	0	0	0	0	0	0	0
464	0.88621601	0	0	0	0	0	0	0	0	0
465	0.89958606	0	0	0	0	0	0	0	0	0
466	0.91520517	0	0	0	0	0	0	0	0	0
467	0.92750376	0	0	0	0	0	0	0	0	0
468	0.92882805	0	0	0	0	0	0	0	0	0
469	0.91691092	0	0	0	0	0	0	0	0	0
470	0.89617199	0	0	0	0	0	0	0	0	0
471	0.87317420	0	0	0	0	0	0	0	0	0
472	0.85491326	0	0	0	0	0	0	0	0	0
473	0.84697194	0	0	0	0	0	0	0	0	0
474	0.84924476	0	0	0	0	0	0	0	0	0
475	0.86172881	0	0	0	0	0	0	0	0	0
476	0.88542704	0	0	0	0	0	0	0	0	0
477	0.91762290	0	0	0	0	0	0	0	0	0
478	0.94690435	0	0	0	0	0	0	0	0	0
479	0.95926429	0	0	0	0	0	0	0	0	0
480	0.95391007	0	0	0	0	0	0	0	0	0
481	0.92337864	0	0	0	0	0	0	0	0	0
482	0.88171045	0	0	0	0	0	0	0	0	0
483	0.83866134	0	0	0	0	0	0	0	0	0
484	0.80524535	0	0	0	0	0	0	0	0	0
485	0.78493715	0	0	0	0	0	0	0	0	0
486	0.77924536	0	0	0	0	0	0	0	0	0
487	0.78802067	0	0	0	0	0	0	0	0	0
488	0.80572753	0	0	0	0	0	0	0	0	0
489	0.82344844	0	0	0	0	0	0	0	0	0
490	0.84001474	0	0	0	0	0	0	0	0	0
491	0.85656042	0	0	0	0	0	0	0	0	0
492	0.87375239	0	0	0	0	0	0	0	0	0
493	0.88755812	0	0	0	0	0	0	0	0	0
494	0.89387302	0	0	0	0	0	0	0	0	0
495	0.89424699	0	0	0	0	0	0	0	0	0
496	0.89155333	0	0	0	0	0	0	0	0	0
497	0.88904227	0	0	0	0	0	0	0	0	0
498	0.88976249	0	0	0	0	0	0	0	0	0
499	0.89547922	0	0	0	0	0	0	0	0	0
500	0.90888393	0	0	0	0	0	0	0	0	0
501	0.92653229	0	0	0	0	0	0	0	0	0
502	0.95068581	0	0	0	0	0	0	0	0	0
503	0.97270844	0	0	0	0	0	0	0	0	0
504	0.98090065	0	0	0	0	0	0	0	0	0
505	0.97426096	0	0	0	0	0	0	0	0	0
506	0.95520256	0	0	0	0	0	0	0	0	0
507	0.92673844	0	0	0	0	0	0	0	0	0
508	0.89490381	0	0	0	0	0	0	0	0	0
509	0.86749989	0	0	0	0	0	0	0	0	0
510	0.84860984	0	0	0	0	0	0	0	0	0
511	0.84236722	0	0	0	0	0	0	0	0	0
512	0.85160705	0	0	0	0	0	0	0	0	0
513	0.87296896	0	0	0	0	0	0	0	0	0
514	0.89834144	0	0	0	0	0	0	0	0	0
515	0.92553162	0	0	0	0	0	0	0	0	0
516	0.95565785	0	0	0	0	0	0	0	0	0
517	0.98479042	0	0	0	0	0	0	0	0	0
518	1.00000000	0	0	0	0	0	0	0	0	0
519	0.98624175	0	0	0	0	0	0	0	0	0
520	0.89786701	0	0	0	0	0	0	0	0	0
521	0.64665561	0	0	0	0	0	0	0	0	0
522	0.30800822	0.00008157	0	0	0	0	0	0	0	0
523	0.10709013	0.00066641	0	0	0	0	0	0	0	0
524	0.04095369	0.00071897	0	0	0	0	0	0	0	0
525	0.01825677	0.00083377	0	0	0	0	0	0	0	0
526	0.00928002	0.00101311	0	0	0	0	0	0	0	0
527	0.00529101	0.00107066	0	0	0	0	0	0	0	0
528	0.00348964	0.00103226	0	0	0	0	0	0	0	0
529	0.00263867	0.00105055	0	0	0	0	0	0	0	0
530	0.00215686	0.00110685	0	0	0	0	0	0	0	0
531	0.00187862	0.00120911	0	0	0	0	0	0	0	0
532	0.00167292	0.00126081	0	0	0	0	0	0	0	0
533	0.00156915	0.00124884	0	0	0	0	0	0	0	0
534	0.00152600	0.00124923	0	0	0	0	0	0	0	0
535	0.00151066	0.00130342	0	0	0	0	0	0	0	0
536	0.00150558	0.00146974	0	0	0	0	0	0	0	0
537	0.00151593	0.00188155	0	0	0	0	0	0	0	0
538	0.00150779	0.00291822	0	0	0	0	0	0	0	0
539	0.00146935	0.00539007	0	0	0	0	0	0	0	0
540	0.00143544	0.01271456	0	0	0	0	0	0	0	0
541	0.00138739	0.04176891	0	0	0	0	0	0	0	0
542	0.00136549	0.17729071	0	0	0	0	0	0	0	0
543	0.00072317	0.54945111	0	0	0	0	0	0	0	0
544	0	0.87793087	0	0	0	0	0	0	0	0
545	0	0.96104149	0	0	0	0	0	0	0	0
546	0	0.96873939	0	0	0	0	0	0	0	0
547	0	0.97152826	0	0	0	0	0	0	0	0
548	0	0.96152463	0	0	0	0	0	0	0	0
549	0	0.94825272	0	0	0	0	0	0	0	0
550	0	0.93642710	0	0	0	0	0	0	0	0
551	0	0.92689953	0	0	0	0	0	0	0	0
552	0	0.92262444	0	0	0	0	0	0	0	0
553	0	0.92673684	0	0	0	0	0	0	0	0
554	0	0.93589684	0	0	0	0	0	0	0	0
555	0	0.94794307	0	0	0	0	0	0	0	0
556	0	0.96104407	0	0	0	0	0	0	0	0
557	0	0.97392542	0	0	0	0	0	0	0	0
558	0	0.98488012	0	0	0	0	0	0	0	0
559	0	0.99320960	0	0	0	0	0	0	0	0
560	0	0.99919513	0	0	0	0	0	0	0	0
561	0	1.00000000	0	0	0	0	0	0	0	0
562	0	0.99001053	0	0	0	0	0	0	0	0
563	0	0.97169390	0	0	0	0	0	0	0	0
564	0	0.95486684	0	0	0	0	0	0	0	0
565	0	0.94319039	0	0	0	0	0	0	0	0
566	0	0.93486017	0	0	0	0	0	0	0	0
567	0	0.92703673	0	0	0	0	0	0	0	0
568	0	0.92220085	0	0	0	0	0	0	0	0
569	0	0.92519530	0	0	0	0	0	0	0	0
570	0	0.93557013	0	0	0	0	0	0	0	0
571	0	0.94883248	0	0	0	0	0	0	0	0
572	0	0.95940323	0	0	0	0	0	0	0	0
573	0	0.96790723	0	0	0	0	0	0	0	0
574	0	0.97481330	0	0	0	0	0	0	0	0
575	0	0.98014832	0	0	0	0	0	0	0	0
576	0	0.97775192	0	0	0	0	0	0	0	0
577	0	0.90095623	0	0	0	0	0	0	0	0
578	0	0.60308291	0	0	0	0	0	0	0	0
579	0	0.25252034	0	0	0	0	0	0	0	0
580	0	0.08152405	0	0	0	0	0	0	0	0
581	0	0.02743601	0	0	0	0	0	0	0	0
582	0	0.01047672	0	0	0	0	0	0	0	0
583	0	0.00478877	0	0	0	0	0	0	0	0
584	0	0.00278504	0	0	0	0	0	0	0	0
585	0	0.00191717	0	0	0	0	0	0	0	0
586	0	0.00145442	0	0	0	0	0	0	0	0
587	0	0.00120403	0	0	0	0	0	0	0	0
588	0	0.00106692	0	0	0	0	0	0	0	0
589	0	0.00102939	0	0	0	0	0	0	0	0
590	0	0.00106386	0	0	0	0	0	0	0	0
591	0	0.00114343	0	0	0	0	0	0	0	0
592	0	0.00120346	0	0	0	0	0	0	0	0
593	0	0.00115606	0	0	0	0	0	0	0	0
594	0	0.00098209	0	0	0	0	0	0	0	0
595	0	0.00078714	0	0	0	0	0	0	0	0
596	0	0.00064697	0	0	0	0	0	0	0	0
597	0	0.00056156	0	0	0	0	0	0	0	0
598	0	0.00051292	0	0	0	0	0	0	0	0
599	0	0.00051254	0	0	0	0	0	0	0	0
600	0	0	0	0	0	0	0	0	0	0
601	0	0	0	0	0	0	0	0	0	0
602	0	0	0	0	0	0	0	0	0	0
603	0	0	0	0	0	0	0	0	0	0
604	0	0	0	0	0	0	0	0	0	0
605	0	0	0	0	0	0	0	0	0	0
606	0	0	0	0	0	0	0	0	0	0
607	0	0	0	0	0	0	0	0	0	0
608	0	0	0	0	0	0	0	0	0	0
609	0	0	0	0	0	0	0	0	0	0
610	0	0	0	0	0	0	0	0	0	0
611	0	0	0	0	0	0	0	0	0	0
612	0	0	0	0	0	0	0	0	0	0
613	0	0	0	0	0	0	0	0	0	0
614	0	0	0	0	0	0	0	0	0	0
615	0	0	0	0	0	0	0	0	0	0
616	0	0	0	0	0	0	0	0	0	0
617	0	0	0	0	0	0	0	0	0	0
618	0	0	0	0	0	0	0	0	0	0
619	0	0	0	0	0	0	0	0	0	0
620	0	0	0	0	0	0	0	0	0	0
621	0	0	0	0	0	0	0	0	0	0
622	0	0	0	0	0	0	0	0	0	0
623	0	0	0	0	0	0	0	0	0	0
624	0	0	0	0	0	0	0	0	0	0
625	0	0	0	0	0	0	0	0	0	0
626	0	0	0	0	0	0	0	0	0	0
627	0	0	0	0	0	0	0	0	0	0
628	0	0	0	0	0	0	0	0	0	0
629	0	0	0	0	0	0	0	0	0	0
630	0	0	0.00072495	0	0	0	0	0	0	0
631	0	0	0.00067953	0	0	0	0	0	0	0
632	0	0	0.00055633	0	0	0	0	0	0	0
633	0	0	0.00044453	0	0	0	0	0	0	0
634	0	0	0.00038798	0	0	0	0	0	0	0
635	0	0	0.00036298	0	0	0	0	0	0	0
636	0	0	0.00036151	0	0	0	0	0	0	0
637	0	0	0.00036950	0	0	0	0	0	0	0
638	0	0	0.00039185	0	0	0	0	0	0	0
639	0	0	0.00043727	0	0	0	0	0	0	0
640	0	0	0.00049592	0	0	0	0	0	0	0
641	0	0	0.00059393	0	0	0	0	0	0	0
642	0	0	0.00076071	0	0	0	0	0	0	0
643	0	0	0.00104977	0	0	0	0	0	0	0
644	0	0	0.00157623	0	0	0	0	0	0	0
645	0	0	0.00248616	0	0	0	0	0	0	0
646	0	0	0.00447622	0	0	0	0	0	0	0
647	0	0	0.00954832	0	0	0	0	0	0	0
648	0	0	0.02403303	0	0	0	0	0	0	0
649	0	0	0.06759162	0	0	0	0	0	0	0
650	0	0	0.17739783	0	0	0	0	0	0	0
651	0	0	0.41429503	0	0	0	0	0	0	0
652	0	0	0.73522461	0	0	0	0	0	0	0
653	0	0	0.92808255	0	0	0	0	0	0	0
654	0	0	0.96462147	0	0	0	0	0	0	0
655	0	0	0.96480885	0	0	0	0	0	0	0
656	0	0	0.96204362	0	0	0	0	0	0	0
657	0	0	0.95539632	0	0	0	0	0	0	0
658	0	0	0.94765049	0	0	0	0	0	0	0
659	0	0	0.94241519	0	0	0	0	0	0	0
660	0	0	0.93945425	0	0	0	0	0	0	0
661	0	0	0.93887659	0	0	0	0	0	0	0
662	0	0	0.94088614	0	0	0	0	0	0	0
663	0	0	0.94467170	0	0	0	0	0	0	0
664	0	0	0.95148654	0	0	0	0	0	0	0
665	0	0	0.95881145	0	0	0	0	0	0	0
666	0	0	0.96570839	0	0	0	0	0	0	0
667	0	0	0.97126869	0	0	0	0	0	0	0
668	0	0	0.97615516	0	0	0	0	0	0	0
669	0	0	0.98197906	0	0	0	0	0	0	0
670	0	0	0.98850481	0	0	0	0	0	0	0
671	0	0	0.99518579	0	0	0	0	0	0	0
672	0	0	0.99956988	0	0	0	0	0	0	0
673	0	0	1.00000000	0	0	0	0	0	0	0
674	0	0	0.99759436	0	0	0	0	0	0	0
675	0	0	0.99338082	0	0	0	0	0	0	0
676	0	0	0.98592818	0	0	0	0	0	0	0
677	0	0	0.97236683	0	0	0	0	0	0	0
678	0	0	0.95295750	0.00004101	0	0	0	0	0	0
679	0	0	0.92344847	0.00014092	0	0	0	0	0	0
680	0	0	0.85543935	0.00014360	0	0	0	0	0	0
681	0	0	0.68821494	0.00014670	0	0	0	0	0	0
682	0	0	0.41825410	0.00015586	0	0	0	0	0	0
683	0	0	0.18824224	0.00016587	0	0	0	0	0	0
684	0	0	0.07465708	0.00016760	0	0	0	0	0	0
685	0	0	0.03282836	0.00017598	0	0	0	0	0	0
686	0	0	0.01528275	0.00018772	0	0	0	0	0	0
687	0	0	0.00761471	0.00019774	0	0	0	0	0	0
688	0	0	0.00415471	0.00020914	0	0	0	0	0	0
689	0	0	0.00250253	0.00023599	0	0	0	0	0	0
690	0	0	0.00167378	0.00027070	0	0	0	0	0	0
691	0	0	0.00117426	0.00032070	0	0	0	0	0	0
692	0	0	0.00085817	0.00041638	0	0	0	0	0	0
693	0	0	0.00066068	0.00061835	0	0	0	0	0	0
694	0	0	0.00053252	0.00113162	0	0	0	0	0	0
695	0	0	0.00045262	0.00251702	0	0	0	0	0	0
696	0	0	0.00039405	0.00729115	0	0	0	0	0	0
697	0	0	0.00034974	0.02885108	0	0	0	0	0	0
698	0	0	0.00031701	0.11981149	0	0	0	0	0	0
699	0	0	0.00029853	0.36581671	0	0	0	0	0	0
700	0	0	0.00028170	0.70196487	0	0	0	0	0	0
701	0	0	0.00027444	0.92166979	0	0	0	0	0	0
702	0	0	0.00027251	0.95458504	0	0	0	0	0	0
703	0	0	0.00027435	0.96276758	0	0	0	0	0	0
704	0	0	0	0.97394389	0	0	0	0	0	0
705	0	0	0	0.98106252	0	0	0	0	0	0
706	0	0	0	0.98506390	0	0	0	0	0	0
707	0	0	0	0.98687623	0	0	0	0	0	0
708	0	0	0	0.98822950	0	0	0	0	0	0
709	0	0	0	0.99135150	0	0	0	0	0	0
710	0	0	0	0.99631500	0	0	0	0	0	0
711	0	0	0	1.00000000	0	0	0	0	0	0
712	0	0	0	0.99347856	0.00022058	0	0	0	0	0
713	0	0	0	0.92826859	0.00024707	0	0	0	0	0
714	0	0	0	0.71421131	0.00023011	0	0	0	0	0
715	0	0	0	0.39354093	0.00021634	0	0	0	0	0
716	0	0	0	0.13011195	0.00021348	0	0	0	0	0
717	0	0	0	0.03416611	0.00021271	0	0	0	0	0
718	0	0	0	0.00997587	0.00021565	0	0	0	0	0
719	0	0	0	0.00377730	0.00022855	0	0	0	0	0
720	0	0	0	0.00178667	0.00024439	0	0	0	0	0
721	0	0	0	0.00095926	0.00027521	0	0	0	0	0
722	0	0	0	0.00058113	0.00031313	0	0	0	0	0
723	0	0	0	0.00040550	0.00038369	0	0	0	0	0
724	0	0	0	0.00031656	0.00047346	0	0	0	0	0
725	0	0	0	0.00026095	0.00062306	0	0	0	0	0
726	0	0	0	0.00022554	0.00089975	0	0	0	0	0
727	0	0	0	0.00020309	0.00146109	0	0	0	0	0
728	0	0	0	0.00018919	0.00270142	0	0	0	0	0
729	0	0	0	0.00018133	0.00569305	0	0	0	0	0
730	0	0	0	0.00016916	0.01347978	0	0	0	0	0
731	0	0	0	0.00016484	0.03971335	0	0	0	0	0
732	0	0	0	0.00015776	0.13094950	0	0	0	0	0
733	0	0	0	0.00015189	0.37500526	0	0	0	0	0
734	0	0	0	0.00015145	0.69389320	0	0	0	0	0
735	0	0	0	0.00015232	0.91536384	0	0	0	0	0
736	0	0	0	0.00006407	0.96992613	0	0	0	0	0
737	0	0	0	0	0.97077671	0	0	0	0	0
738	0	0	0	0	0.97853869	0	0	0	0	0
739	0	0	0	0	0.98573872	0	0	0	0	0
740	0	0	0	0	0.99068430	0	0	0	0	0
741	0	0	0	0	0.99529959	0	0	0	0	0
742	0	0	0	0	0.99820299	0	0	0	0	0
743	0	0	0	0	0.99979525	0	0	0	0	0
744	0	0	0	0	1.00000000	0	0	0	0	0
745	0	0	0	0	0.99699651	0	0	0	0	0
746	0	0	0	0	0.98233102	0	0	0	0	0
747	0	0	0	0	0.91133153	0	0	0	0	0
748	0	0	0	0	0.70439314	0	0	0	0	0
749	0	0	0	0	0.39898195	0	0	0	0	0
750	0	0	0	0	0.16095298	0	0	0	0	0
751	0	0	0	0	0.05482391	0	0	0	0	0
752	0	0	0	0	0.01952492	0	0	0	0	0
753	0	0	0	0	0.00789131	0.00007271	0	0	0	0
754	0	0	0	0	0.00390410	0.00011542	0	0	0	0
755	0	0	0	0	0.00222423	0.00011986	0	0	0	0
756	0	0	0	0	0.00135738	0.00012656	0	0	0	0
757	0	0	0	0	0.00090122	0.00013430	0	0	0	0
758	0	0	0	0	0.00064029	0.00014465	0	0	0	0
759	0	0	0	0	0.00050039	0.00015352	0	0	0	0
760	0	0	0	0	0.00041252	0.00016701	0	0	0	0
761	0	0	0	0	0.00034880	0.00018719	0.00008338	0	0	0
762	0	0	0	0	0.00030239	0.00021520	0.00077201	0	0	0
763	0	0	0	0	0.00027980	0.00025260	0.00107223	0	0	0
764	0	0	0	0	0.00026266	0.00031053	0.00114625	0	0	0
765	0	0	0	0	0.00026084	0.00040091	0.00124869	0	0	0
766	0	0	0	0	0.00025279	0.00055487	0.00139741	0	0	0
767	0	0	0	0	0.00025902	0.00086045	0.00158938	0	0	0
768	0	0	0	0	0.00028015	0.00150414	0.00187594	0	0	0
769	0	0	0	0	0.00030560	0.00289146	0.00220534	0	0	0
770	0	0	0	0	0.00033711	0.00614148	0.00262755	0	0	0
771	0	0	0	0	0	0.01554386	0.00323778	0	0	0
772	0	0	0	0	0	0.04522845	0.00406459	0	0	0
773	0	0	0	0	0	0.13593039	0.00525545	0	0	0
774	0	0	0	0	0	0.32272011	0.00680024	0	0	0
775	0	0	0	0	0	0.59612280	0.00894715	0	0	0
776	0	0	0	0	0	0.86401951	0.01220517	0	0	0
777	0	0	0	0	0	0.98451450	0.01704448	0	0	0
778	0	0	0	0	0	1.00000000	0.02459718	0	0	0
779	0	0	0	0	0	0.99494539	0.03562558	0	0	0
780	0	0	0	0	0	0.98941940	0.05251241	0	0	0
781	0	0	0	0	0	0.98314144	0.07984929	0	0	0
782	0	0	0	0	0	0.97735208	0.12295599	0	0	0
783	0	0	0	0	0	0.97239496	0.19027948	0	0	0
784	0	0	0	0	0	0.96827805	0.28071076	0	0	0
785	0	0	0	0	0	0.96417498	0.39922714	0	0	0
786	0	0	0	0	0	0.95944212	0.54181699	0	0	0
787	0	0	0	0	0	0.95459688	0.68895984	0	0	0
788	0	0	0	0	0	0.94991561	0.81635215	0	0	0
789	0	0	0	0	0	0.94576626	0.90139435	0	0	0
790	0	0	0	0	0	0.94129427	0.95313465	0	0	0
791	0	0	0	0	0	0.93533718	0.98153491	0	0	0
792	0	0	0	0	0	0.92162748	0.99496088	0	0	0
793	0	0	0	0	0	0.86449009	0.99928448	0	0	0
794	0	0	0	0	0	0.71753314	1.00000000	0	0	0
795	0	0	0	0	0	0.48026872	0.99800973	0	0	0
796	0	0	0	0	0	0.23076159	0.99396461	0	0	0
797	0	0	0	0	0	0.08372818	0.98962272	0	0	0
798	0	0	0	0	0	0.02880142	0.98303502	0	0	0
799	0	0	0	0	0	0.01221512	0.97755707	0	0	0
800	0	0	0	0	0	0.00580146	0.97092148	0	0	0
801	0	0	0	0	0	0.00292678	0.96101093	0	0	0
802	0	0	0	0	0	0.00160800	0.95050810	0	0	0
803	0	0	0	0	0	0.00096909	0.93879663	0	0	0
804	0	0	0	0	0	0.00065490	0.92748218	0	0	0
805	0	0	0	0	0	0.00047519	0.91525870	0	0	0
806	0	0	0	0	0	0.00036438	0.90309662	0	0	0
807	0	0	0	0	0	0.00029496	0.88941031	0	0	0
808	0	0	0	0	0	0.00024486	0.87676968	0	0	0
809	0	0	0	0	0	0.00021320	0.86487559	0	0	0
810	0	0	0	0	0	0.00018814	0.85277293	0	0	0
811	0	0	0	0	0	0.00016970	0.84133344	0	0	0
812	0	0	0	0	0	0.00015813	0.82876979	0	0	0
813	0	0	0	0	0	0.00014978	0.81687570	0	0	0
814	0	0	0	0	0	0.00014039	0.80611667	0	0	0
815	0	0	0	0	0	0.00013908	0.79445317	0	0	0
816	0	0	0	0	0	0.00013326	0.78354542	0	0	0
817	0	0	0	0	0	0	0.77240388	0	0	0
818	0	0	0	0	0	0	0.76251356	0	0	0
819	0	0	0	0	0	0	0.75349768	0	0	0
820	0	0	0	0	0	0	0.74559090	0	0	0
821	0	0	0	0	0	0	0.73659854	0	0	0
822	0	0	0	0	0	0	0.72816061	0	0	0
823	0	0	0	0	0	0	0.72088799	0	0	0
824	0	0	0	0	0	0	0.71630894	0	0	0
825	0	0	0	0	0	0	0.71191520	0	0	0
826	0	0	0	0	0	0	0.70810537	0	0	0
827	0	0	0	0	0	0	0.70491489	0	0	0
828	0	0	0	0	0	0	0.70188847	0	0	0
829	0	0	0	0	0	0	0.69973709	0	0	0
830	0	0	0	0	0	0	0.69760989	0	0	0
831	0	0	0	0	0	0	0.69593998	0	0	0
832	0	0	0	0	0	0	0.69430508	0	0	0
833	0	0	0	0	0	0	0.69326210	0	0	0
834	0	0	0	0	0	0	0.69319507	0.00014085	0	0
835	0	0	0	0	0	0	0.69301887	0.00016582	0	0
836	0	0	0	0	0	0	0.69419051	0.00016957	0	0
837	0	0	0	0	0	0	0.69601049	0.00017988	0	0
838	0	0	0	0	0	0	0.69806070	0.00019164	0	0
839	0	0	0	0	0	0	0.70060048	0.00019982	0	0
840	0	0	0	0	0	0	0.70311963	0.00021346	0	0
841	0	0	0	0	0	0	0.70296416	0.00022982	0	0
842	0	0	0	0	0	0	0.70307637	0.00025674	0	0
843	0	0	0	0	0	0	0.70150460	0.00030072	0	0
844	0	0	0	0	0	0	0.69857793	0.00034792	0	0
845	0	0	0	0	0	0	0.69473726	0.00043092	0	0
846	0	0	0	0	0	0	0.68921048	0.00057059	0	0
847	0	0	0	0	0	0	0.68287824	0.00082223	0	0
848	0	0	0	0	0	0	0.67538836	0.00130914	0	0
849	0	0	0	0	0	0	0.66811464	0.00218761	0	0
850	0	0	0	0	0	0	0.66069953	0.00410007	0	0
851	0	0	0	0	0	0	0.65288987	0.00881513	0	0
852	0	0	0	0	0	0	0.64633605	0.02184811	0	0
853	0	0	0	0	0	0	0.63925263	0.05836820	0	0
854	0	0	0	0	0	0	0.63414952	0.14177373	0	0
855	0	0	0	0	0	0	0.62887946	0.31471883	0	0
856	0	0	0	0	0	0	0.62366835	0.58066995	0	0
857	0	0	0	0	0	0	0.61935640	0.84201617	0	0
858	0	0	0	0	0	0	0.61390223	0.97572244	0	0
859	0	0	0	0	0	0	0.60928001	1.00000000	0	0
860	0	0	0	0	0	0	0.60364500	0.99747077	0	0
861	0	0	0	0	0	0	0.59704178	0.98871937	0	0
862	0	0	0	0	0	0	0.59026599	0.97735675	0	0
863	0	0	0	0	0	0	0.58248911	0.96789894	0	0
864	0	0	0	0	0	0	0.57567260	0.96399519	0	0
865	0	0	0	0	0	0	0.56844931	0.96422724	0	0
866	0	0	0	0	0	0	0.56138222	0.96502892	0	0
867	0	0	0	0	0	0	0.55524414	0.96279973	0	0
868	0	0	0	0	0	0	0.54920369	0.95628400	0	0
869	0	0	0	0	0	0	0.54467674	0.94721366	0	0
870	0	0	0	0	0	0	0.54031352	0.93631743	0	0
871	0	0	0	0	0	0	0.53669054	0.92329050	0	0
872	0	0	0	0	0	0	0.53344616	0.90552703	0	0
873	0	0	0	0	0	0	0.53028999	0.87056653	0	0
874	0	0	0	0	0	0	0.52752822	0.79724028	0	0
875	0	0	0	0	0	0	0.52429785	0.65304349	0	0
876	0	0	0	0	0	0	0.52134072	0.43759252	0	0
877	0	0	0	0	0	0	0.51718626	0.22648789	0	0
878	0	0	0	0	0	0	0.51407011	0.09601967	0	0
879	0	0	0	0	0	0	0.50981659	0.04211745	0	0
880	0	0	0	0	0	0	0.50594674	0.01903928	0	0
881	0	0	0	0	0	0	0.50227966	0.00894849	0	0
882	0	0	0	0	0	0	0.49751059	0.00451148	0	0
883	0	0	0	0	0	0	0.49387689	0.00246106	0	0
884	0	0	0	0	0	0	0.48879990	0.00152558	0	0
885	0	0	0	0	0	0	0.48399474	0.00100305	0	0
886	0	0	0	0	0	0	0.47792815	0.00068716	0	0
887	0	0	0	0	0	0	0.47055638	0.00049304	0	0
888	0	0	0	0	0	0	0.46328494	0.00037519	0	0
889	0	0	0	0	0	0	0.45524392	0.00030481	0	0
890	0	0	0	0	0	0	0.44768769	0.00025922	0	0
891	0	0	0	0	0	0	0.44028313	0.00022300	0	0
892	0	0	0	0	0	0	0.43373732	0.00019761	0	0
893	0	0	0	0	0	0	0.42888174	0.00017715	0	0
894	0	0	0	0	0	0	0.42506552	0.00016190	0	0
895	0	0	0	0	0	0	0.41926121	0.00015389	0	0
896	0	0	0	0	0	0	0.40863167	0.00014009	0	0
897	0	0	0	0	0	0	0.38666811	0.00013804	0	0
898	0	0	0	0	0	0	0.34851253	0.00004678	0	0
899	0	0	0	0	0	0	0.30038685	0	0	0
900	0	0	0	0	0	0	0.24199315	0	0	0
901	0	0	0	0	0	0	0.18192754	0	0	0
902	0	0	0	0	0	0	0.12824652	0	0	0
903	0	0	0	0	0	0	0.08729955	0	0	0
904	0	0	0	0	0	0	0.06080955	0	0	0
905	0	0	0	0	0	0	0.04215443	0	0	0
906	0	0	0	0	0	0	0.02919419	0	0	0
907	0	0	0	0	0	0	0.02015859	0	0	0
908	0	0	0	0	0	0	0.01432410	0	0	0
909	0	0	0	0	0	0	0.01066705	0	0	0
910	0	0	0	0	0	0	0.00801799	0	0	0
911	0	0	0	0	0	0	0.00607097	0	0	0
912	0	0	0	0	0	0	0.00460358	0	0	0
913	0	0	0	0	0	0	0.00357797	0	0	0
914	0	0	0	0	0	0	0.00288335	0	0	0
915	0	0	0	0	0	0	0.00234352	0	0	0
916	0	0	0	0	0	0	0.00191144	0	0	0
917	0	0	0	0	0	0	0.00155650	0	0	0
918	0	0	0	0	0	0	0.00129320	0	0	0
919	0	0	0	0	0	0	0.00109601	0	0	0
920	0	0	0	0	0	0	0.00094644	0	0	0
921	0	0	0	0	0	0	0.00083153	0	0	0
922	0	0	0	0	0	0	0.00073356	0	0	0
923	0	0	0	0	0	0	0.00023968	0	0	0
924	0	0	0	0	0	0	0	0	0	0
925	0	0	0	0	0	0	0	0	0	0
926	0	0	0	0	0	0	0	0	0	0
927	0	0	0	0	0	0	0	0	0	0
928	0	0	0	0	0	0	0	0	0	0
929	0	0	0	0	0	0	0	0	0	0
930	0	0	0	0	0	0	0	0	0	0
931	0	0	0	0	0	0	0	0	0	0
932	0	0	0	0	0	0	0	0	0	0
933	0	0	0	0	0	0	0	0	0	0
934	0	0	0	0	0	0	0	0	0	0
935	0	0	0	0	0	0	0	0	0	0
936	0	0	0	0	0	0	0	0	0	0
937	0	0	0	0	0	0	0	0	0	0
938	0	0	0	0	0	0	0	0	0	0
939	0	0	0	0	0	0	0	0	0	0
940	0	0	0	0	0	0	0	0	0	0
941	0	0	0	0	0	0	0	0	0	0
942	0	0	0	0	0	0	0	0	0	0
943	0	0	0	0	0	0	0	0	0	0
944	0	0	0	0	0	0	0	0	0	0
945	0	0	0	0	0	0	0	0	0	0
946	0	0	0	0	0	0	0	0	0	0
947	0	0	0	0	0	0	0	0	0	0
948	0	0	0	0	0	0	0	0	0	0
949	0	0	0	0	0	0	0	0	0	0
950	0	0	0	0	0	0	0	0	0	0
951	0	0	0	0	0	0	0	0	0	0
952	0	0	0	0	0	0	0	0	0	0
953	0	0	0	0	0	0	0	0	0	0
954	0	0	0	0	0	0	0	0	0	0
955	0	0	0	0	0	0	0	0	0	0
956	0	0	0	0	0	0	0	0	0	0
957	0	0	0	0	0	0	0	0	0	0
958	0	0	0	0	0	0	0	0	0	0
959	0	0	0	0	0	0	0	0	0	0
960	0	0	0	0	0	0	0	0	0	0
961	0	0	0	0	0	0	0	0	0	0
962	0	0	0	0	0	0	0	0	0	0
963	0	0	0	0	0	0	0	0	0	0
964	0	0	0	0	0	0	0	0	0	0
965	0	0	0	0	0	0	0	0	0	0
966	0	0	0	0	0	0	0	0	0	0
967	0	0	0	0	0	0	0	0	0	0
968	0	0	0	0	0	0	0	0	0	0
969	0	0	0	0	0	0	0	0	0	0
970	0	0	0	0	0	0	0	0	0	0
971	0	0	0	0	0	0	0	0	0	0
972	0	0	0	0	0	0	0	0	0	0
973	0	0	0	0	0	0	0	0	0	0
974	0	0	0	0	0	0	0	0	0	0
975	0	0	0	0	0	0	0	0	0	0
976	0	0	0	0	0	0	0	0	0	0
977	0	0	0	0	0	0	0	0	0	0
978	0	0	0	0	0	0	0	0	0	0
979	0	0	0	0	0	0	0	0	0	0
980	0	0	0	0	0	0	0	0	0	0
981	0	0	0	0	0	0	0	0	0	0
982	0	0	0	0	0	0	0	0	0	0
983	0	0	0	0	0	0	0	0	0	0
984	0	0	0	0	0	0	0	0	0	0
985	0	0	0	0	0	0	0	0	0	0
986	0	0	0	0	0	0	0	0	0	0
987	0	0	0	0	0	0	0	0	0	0
988	0	0	0	0	0	0	0	0	0	0
989	0	0	0	0	0	0	0	0	0	0
990	0	0	0	0	0	0	0	0	0	0
991	0	0	0	0	0	0	0	0	0	0
992	0	0	0	0	0	0	0	0	0	0
993	0	0	0	0	0	0	0	0	0	0
994	0	0	0	0	0	0	0	0	0	0
995	0	0	0	0	0	0	0	0	0	0
996	0	0	0	0	0	0	0	0	0	0
997	0	0	0	0	0	0	0	0	0	0
998	0	0	0	0	0	0	0	0	0	0
999	0	0	0	0	0	0	0	0	0	0
1000	0	0	0	0	0	0	0	0	0	0
1001	0	0	0	0	0	0	0	0	0	0
1002	0	0	0	0	0	0	0	0	0	0
1003	0	0	0	0	0	0	0	0	0	0
1004	0	0	0	0	0	0	0	0	0	0
1005	0	0	0	0	0	0	0	0	0	0
1006	0	0	0	0	0	0	0	0	0	0
1007	0	0	0	0	0	0	0	0	0	0
1008	0	0	0	0	0	0	0	0	0	0
1009	0	0	0	0	0	0	0	0	0	0
1010	0	0	0	0	0	0	0	0	0	0
1011	0	0	0	0	0	0	0	0	0	0
1012	0	0	0	0	0	0	0	0	0	0
1013	0	0	0	0	0	0	0	0	0	0
1014	0	0	0	0	0	0	0	0	0	0
1015	0	0	0	0	0	0	0	0	0	0
1016	0	0	0	0	0	0	0	0	0	0
1017	0	0	0	0	0	0	0	0	0	0
1018	0	0	0	0	0	0	0	0	0	0
1019	0	0	0	0	0	0	0	0	0	0
1020	0	0	0	0	0	0	0	0	0	0
1021	0	0	0	0	0	0	0	0	0	0
1022	0	0	0	0	0	0	0	0	0	0
1023	0	0	0	0	0	0	0	0	0	0
1024	0	0	0	0	0	0	0	0	0	0
1025	0	0	0	0	0	0	0	0	0	0
1026	0	0	0	0	0	0	0	0	0	0
1027	0	0	0	0	0	0	0	0	0	0
1028	0	0	0	0	0	0	0	0	0	0
1029	0	0	0	0	0	0	0	0	0	0
1030	0	0	0	0	0	0	0	0	0	0
1031	0	0	0	0	0	0	0	0	0	0
1032	0	0	0	0	0	0	0	0	0	0
1033	0	0	0	0	0	0	0	0	0	0
1034	0	0	0	0	0	0	0	0	0	0
1035	0	0	0	0	0	0	0	0	0	0
1036	0	0	0	0	0	0	0	0	0	0
1037	0	0	0	0	0	0	0	0	0	0
1038	0	0	0	0	0	0	0	0	0	0
1039	0	0	0	0	0	0	0	0	0	0
1040	0	0	0	0	0	0	0	0	0	0
1041	0	0	0	0	0	0	0	0	0	0
1042	0	0	0	0	0	0	0	0	0	0
1043	0	0	0	0	0	0	0	0	0	0
1044	0	0	0	0	0	0	0	0	0	0
1045	0	0	0	0	0	0	0	0	0	0
1046	0	0	0	0	0	0	0	0	0	0
1047	0	0	0	0	0	0	0	0	0	0
1048	0	0	0	0	0	0	0	0	0	0
1049	0	0	0	0	0	0	0	0	0	0
1050	0	0	0	0	0	0	0	0	0	0
1051	0	0	0	0	0	0	0	0	0	0
1052	0	0	0	0	0	0	0	0	0	0
1053	0	0	0	0	0	0	0	0	0	0
1054	0	0	0	0	0	0	0	0	0	0
1055	0	0	0	0	0	0	0	0	0	0
1056	0	0	0	0	0	0	0	0	0	0
1057	0	0	0	0	0	0	0	0	0	0
1058	0	0	0	0	0	0	0	0	0	0
1059	0	0	0	0	0	0	0	0	0	0
1060	0	0	0	0	0	0	0	0	0	0
1061	0	0	0	0	0	0	0	0	0	0
1062	0	0	0	0	0	0	0	0	0	0
1063	0	0	0	0	0	0	0	0	0	0
1064	0	0	0	0	0	0	0	0	0	0
1065	0	0	0	0	0	0	0	0	0	0
1066	0	0	0	0	0	0	0	0	0	0
1067	0	0	0	0	0	0	0	0	0	0
1068	0	0	0	0	0	0	0	0	0	0
1069	0	0	0	0	0	0	0	0	0	0
1070	0	0	0	0	0	0	0	0	0	0
1071	0	0	0	0	0	0	0	0	0	0
1072	0	0	0	0	0	0	0	0	0	0
1073	0	0	0	0	0	0	0	0	0	0
1074	0	0	0	0	0	0	0	0	0	0
1075	0	0	0	0	0	0	0	0	0	0
1076	0	0	0	0	0	0	0	0	0	0
1077	0	0	0	0	0	0	0	0	0	0
1078	0	0	0	0	0	0	0	0	0	0
1079	0	0	0	0	0	0	0	0	0	0
1080	0	0	0	0	0	0	0	0	0	0
1081	0	0	0	0	0	0	0	0	0	0
1082	0	0	0	0	0	0	0	0	0	0
1083	0	0	0	0	0	0	0	0	0	0
1084	0	0	0	0	0	0	0	0	0	0
1085	0	0	0	0	0	0	0	0	0	0
1086	0	0	0	0	0	0	0	0	0	0
1087	0	0	0	0	0	0	0	0	0	0
1088	0	0	0	0	0	0	0	0	0	0
1089	0	0	0	0	0	0	0	0	0	0
1090	0	0	0	0	0	0	0	0	0	0
1091	0	0	0	0	0	0	0	0	0	0
1092	0	0	0	0	0	0	0	0	0	0
1093	0	0	0	0	0	0	0	0	0	0
1094	0	0	0	0	0	0	0	0	0	0
1095	0	0	0	0	0	0	0	0	0	0
1096	0	0	0	0	0	0	0	0	0	0
1097	0	0	0	0	0	0	0	0	0	0
1098	0	0	0	0	0	0	0	0	0	0
1099	0	0	0	0	0	0	0	0	0	0
1100	0	0	0	0	0	0	0	0	0	0
1101	0	0	0	0	0	0	0	0	0	0
1102	0	0	0	0	0	0	0	0	0	0
1103	0	0	0	0	0	0	0	0	0	0
1104	0	0	0	0	0	0	0	0	0	0
1105	0	0	0	0	0	0	0	0	0	0
1106	0	0	0	0	0	0	0	0	0	0
1107	0	0	0	0	0	0	0	0	0	0
1108	0	0	0	0	0	0	0	0	0	0
1109	0	0	0	0	0	0	0	0	0	0
1110	0	0	0	0	0	0	0	0	0	0
1111	0	0	0	0	0	0	0	0	0	0
1112	0	0	0	0	0	0	0	0	0	0
1113	0	0	0	0	0	0	0	0	0	0
1114	0	0	0	0	0	0	0	0	0	0
1115	0	0	0	0	0	0	0	0	0	0
1116	0	0	0	0	0	0	0	0	0	0
1117	0	0	0	0	0	0	0	0	0	0
1118	0	0	0	0	0	0	0	0	0	0
1119	0	0	0	0	0	0	0	0	0	0
1120	0	0	0	0	0	0	0	0	0	0
1121	0	0	0	0	0	0	0	0	0	0
1122	0	0	0	0	0	0	0	0	0	0
1123	0	0	0	0	0	0	0	0	0	0
1124	0	0	0	0	0	0	0	0	0	0
1125	0	0	0	0	0	0	0	0	0	0
1126	0	0	0	0	0	0	0	0	0	0
1127	0	0	0	0	0	0	0	0	0	0
1128	0	0	0	0	0	0	0	0	0	0
1129	0	0	0	0	0	0	0	0	0	0
1130	0	0	0	0	0	0	0	0	0	0
1131	0	0	0	0	0	0	0	0	0	0
1132	0	0	0	0	0	0	0	0	0	0
1133	0	0	0	0	0	0	0	0	0	0
1134	0	0	0	0	0	0	0	0	0	0
1135	0	0	0	0	0	0	0	0	0	0
1136	0	0	0	0	0	0	0	0	0	0
1137	0	0	0	0	0	0	0	0	0	0
1138	0	0	0	0	0	0	0	0	0	0
1139	0	0	0	0	0	0	0	0	0	0
1140	0	0	0	0	0	0	0	0	0	0
1141	0	0	0	0	0	0	0	0	0	0
1142	0	0	0	0	0	0	0	0	0	0
1143	0	0	0	0	0	0	0	0	0	0
1144	0	0	0	0	0	0	0	0	0	0
1145	0	0	0	0	0	0	0	0	0	0
1146	0	0	0	0	0	0	0	0	0	0
1147	0	0	0	0	0	0	0	0	0	0
1148	0	0	0	0	0	0	0	0	0	0
1149	0	0	0	0	0	0	0	0	0	0
1150	0	0	0	0	0	0	0	0	0	0
1151	0	0	0	0	0	0	0	0	0	0
1152	0	0	0	0	0	0	0	0	0	0
1153	0	0	0	0	0	0	0	0	0	0
1154	0	0	0	0	0	0	0	0	0	0
1155	0	0	0	0	0	0	0	0	0	0
1156	0	0	0	0	0	0	0	0	0	0
1157	0	0	0	0	0	0	0	0	0	0
1158	0	0	0	0	0	0	0	0	0	0
1159	0	0	0	0	0	0	0	0	0	0
1160	0	0	0	0	0	0	0	0	0	0
1161	0	0	0	0	0	0	0	0	0	0
1162	0	0	0	0	0	0	0	0	0	0
1163	0	0	0	0	0	0	0	0	0	0
1164	0	0	0	0	0	0	0	0	0	0
1165	0	0	0	0	0	0	0	0	0	0
1166	0	0	0	0	0	0	0	0	0	0
1167	0	0	0	0	0	0	0	0	0	0
1168	0	0	0	0	0	0	0	0	0	0
1169	0	0	0	0	0	0	0	0	0	0
1170	0	0	0	0	0	0	0	0	0	0
1171	0	0	0	0	0	0	0	0	0	0
1172	0	0	0	0	0	0	0	0	0	0
1173	0	0	0	0	0	0	0	0	0	0
1174	0	0	0	0	0	0	0	0	0	0
1175	0	0	0	0	0	0	0	0	0	0
1176	0	0	0	0	0	0	0	0	0	0
1177	0	0	0	0	0	0	0	0	0	0
1178	0	0	0	0	0	0	0	0	0	0
1179	0	0	0	0	0	0	0	0	0	0
1180	0	0	0	0	0	0	0	0	0	0
1181	0	0	0	0	0	0	0	0	0	0
1182	0	0	0	0	0	0	0	0	0	0
1183	0	0	0	0	0	0	0	0	0	0
1184	0	0	0	0	0	0	0	0	0	0
1185	0	0	0	0	0	0	0	0	0	0
1186	0	0	0	0	0	0	0	0	0	0
1187	0	0	0	0	0	0	0	0	0	0
1188	0	0	0	0	0	0	0	0	0	0
1189	0	0	0	0	0	0	0	0	0	0
1190	0	0	0	0	0	0	0	0	0	0
1191	0	0	0	0	0	0	0	0	0	0
1192	0	0	0	0	0	0	0	0	0	0
1193	0	0	0	0	0	0	0	0	0	0
1194	0	0	0	0	0	0	0	0	0	0
1195	0	0	0	0	0	0	0	0	0	0
1196	0	0	0	0	0	0	0	0	0	0
1197	0	0	0	0	0	0	0	0	0	0
1198	0	0	0	0	0	0	0	0	0	0
1199	0	0	0	0	0	0	0	0	0	0
1200	0	0	0	0	0	0	0	0	0	0
1201	0	0	0	0	0	0	0	0	0	0
1202	0	0	0	0	0	0	0	0	0	0
1203	0	0	0	0	0	0	0	0	0	0
1204	0	0	0	0	0	0	0	0	0	0
1205	0	0	0	0	0	0	0	0	0	0
1206	0	0	0	0	0	0	0	0	0	0
1207	0	0	0	0	0	0	0	0	0	0
1208	0	0	0	0	0	0	0	0	0	0
1209	0	0	0	0	0	0	0	0	0	0
1210	0	0	0	0	0	0	0	0	0	0
1211	0	0	0	0	0	0	0	0	0	0
1212	0	0	0	0	0	0	0	0	0	0
1213	0	0	0	0	0	0	0	0	0	0
1214	0	0	0	0	0	0	0	0	0	0
1215	0	0	0	0	0	0	0	0	0	0
1216	0	0	0	0	0	0	0	0	0	0
1217	0	0	0	0	0	0	0	0	0	0
1218	0	0	0	0	0	0	0	0	0	0
1219	0	0	0	0	0	0	0	0	0	0
1220	0	0	0	0	0	0	0	0	0	0
1221	0	0	0	0	0	0	0	0	0	0
1222	0	0	0	0	0	0	0	0	0	0
1223	0	0	0	0	0	0	0	0	0	0
1224	0	0	0	0	0	0	0	0	0	0
1225	0	0	0	0	0	0	0	0	0	0
1226	0	0	0	0	0	0	0	0	0	0
1227	0	0	0	0	0	0	0	0	0	0
1228	0	0	0	0	0	0	0	0	0	0
1229	0	0	0	0	0	0	0	0	0	0
1230	0	0	0	0	0	0	0	0	0	0
1231	0	0	0	0	0	0	0	0	0	0
1232	0	0	0	0	0	0	0	0	0	0
1233	0	0	0	0	0	0	0	0	0	0
1234	0	0	0	0	0	0	0	0	0	0
1235	0	0	0	0	0	0	0	0	0	0
1236	0	0	0	0	0	0	0	0	0	0
1237	0	0	0	0	0	0	0	0	0	0
1238	0	0	0	0	0	0	0	0	0	0
1239	0	0	0	0	0	0	0	0	0	0
1240	0	0	0	0	0	0	0	0	0	0
1241	0	0	0	0	0	0	0	0	0	0
1242	0	0	0	0	0	0	0	0	0	0
1243	0	0	0	0	0	0	0	0	0	0
1244	0	0	0	0	0	0	0	0	0	0
1245	0	0	0	0	0	0	0	0	0	0
1246	0	0	0	0	0	0	0	0	0	0
1247	0	0	0	0	0	0	0	0	0	0
1248	0	0	0	0	0	0	0	0	0	0
1249	0	0	0	0	0	0	0	0	0	0
1250	0	0	0	0	0	0	0	0	0	0
1251	0	0	0	0	0	0	0	0	0	0
1252	0	0	0	0	0	0	0	0	0	0
1253	0	0	0	0	0	0	0	0	0	0
1254	0	0	0	0	0	0	0	0	0	0
1255	0	0	0	0	0	0	0	0	0	0
1256	0	0	0	0	0	0	0	0	0	0
1257	0	0	0	0	0	0	0	0	0	0
1258	0	0	0	0	0	0	0	0	0	0
1259	0	0	0	0	0	0	0	0	0	0
1260	0	0	0	0	0	0	0	0	0	0
1261	0	0	0	0	0	0	0	0	0	0
1262	0	0	0	0	0	0	0	0	0	0
1263	0	0	0	0	0	0	0	0	0	0
1264	0	0	0	0	0	0	0	0	0	0
1265	0	0	0	0	0	0	0	0	0	0
1266	0	0	0	0	0	0	0	0	0	0
1267	0	0	0	0	0	0	0	0	0	0
1268	0	0	0	0	0	0	0	0	0	0
1269	0	0	0	0	0	0	0	0	0	0
1270	0	0	0	0	0	0	0	0	0	0
1271	0	0	0	0	0	0	0	0	0	0
1272	0	0	0	0	0	0	0	0	0	0
1273	0	0	0	0	0	0	0	0	0	0
1274	0	0	0	0	0	0	0	0	0	0
1275	0	0	0	0	0	0	0	0	0	0
1276	0	0	0	0	0	0	0	0	0	0
1277	0	0	0	0	0	0	0	0	0	0
1278	0	0	0	0	0	0	0	0	0	0
1279	0	0	0	0	0	0	0	0	0	0
1280	0	0	0	0	0	0	0	0	0	0
1281	0	0	0	0	0	0	0	0	0	0
1282	0	0	0	0	0	0	0	0	0	0
1283	0	0	0	0	0	0	0	0	0	0
1284	0	0	0	0	0	0	0	0	0	0
1285	0	0	0	0	0	0	0	0	0	0
1286	0	0	0	0	0	0	0	0	0	0
1287	0	0	0	0	0	0	0	0	0	0
1288	0	0	0	0	0	0	0	0	0	0
1289	0	0	0	0	0	0	0	0	0	0
1290	0	0	0	0	0	0	0	0	0	0
1291	0	0	0	0	0	0	0	0	0	0
1292	0	0	0	0	0	0	0	0	0	0
1293	0	0	0	0	0	0	0	0	0	0
1294	0	0	0	0	0	0	0	0	0	0
1295	0	0	0	0	0	0	0	0	0	0
1296	0	0	0	0	0	0	0	0	0	0
1297	0	0	0	0	0	0	0	0	0	0
1298	0	0	0	0	0	0	0	0	0	0
1299	0	0	0	0	0	0	0	0	0	0
1300	0	0	0	0	0	0	0	0	0	0
1301	0	0	0	0	0	0	0	0	0	0
1302	0	0	0	0	0	0	0	0	0	0
1303	0	0	0	0	0	0	0	0	0	0
1304	0	0	0	0	0	0	0	0	0	0
1305	0	0	0	0	0	0	0	0	0	0
1306	0	0	0	0	0	0	0	0	0	0
1307	0	0	0	0	0	0	0	0	0	0
1308	0	0	0	0	0	0	0	0	0	0
1309	0	0	0	0	0	0	0	0	0	0
1310	0	0	0	0	0	0	0	0	0	0
1311	0	0	0	0	0	0	0	0	0	0
1312	0	0	0	0	0	0	0	0	0	0
1313	0	0	0	0	0	0	0	0	0	0
1314	0	0	0	0	0	0	0	0	0	0
1315	0	0	0	0	0	0	0	0	0	0
1316	0	0	0	0	0	0	0	0	0	0
1317	0	0	0	0	0	0	0	0	0	0
1318	0	0	0	0	0	0	0	0	0	0
1319	0	0	0	0	0	0	0	0	0	0
1320	0	0	0	0	0	0	0	0	0	0
1321	0	0	0	0	0	0	0	0	0	0
1322	0	0	0	0	0	0	0	0	0	0
1323	0	0	0	0	0	0	0	0	0	0
1324	0	0	0	0	0	0	0	0	0	0
1325	0	0	0	0	0	0	0	0	0	0
1326	0	0	0	0	0	0	0	0	0	0
1327	0	0	0	0	0	0	0	0	0	0
1328	0	0	0	0	0	0	0	0	0	0
1329	0	0	0	0	0	0	0	0	0	0
1330	0	0	0	0	0	0	0	0	0	0
1331	0	0	0	0	0	0	0	0	0	0
1332	0	0	0	0	0	0	0	0	0	0
1333	0	0	0	0	0	0	0	0	0	0
1334	0	0	0	0	0	0	0	0	0	0
1335	0	0	0	0	0	0	0	0	0	0
1336	0	0	0	0	0	0	0	0	0	0
1337	0	0	0	0	0	0	0	0	0	0
1338	0	0	0	0	0	0	0	0	0	0
1339	0	0	0	0	0	0	0	0	0	0
1340	0	0	0	0	0	0	0	0	0	0
1341	0	0	0	0	0	0	0	0	0	0
1342	0	0	0	0	0	0	0	0	0	0
1343	0	0	0	0	0	0	0	0	0	0
1344	0	0	0	0	0	0	0	0	0	0
1345	0	0	0	0	0	0	0	0	0	0
1346	0	0	0	0	0	0	0	0	0	0
1347	0	0	0	0	0	0	0	0	0	0
1348	0	0	0	0	0	0	0	0	0	0
1349	0	0	0	0	0	0	0	0	0	0
1350	0	0	0	0	0	0	0	0	0	0
1351	0	0	0	0	0	0	0	0	0	0
1352	0	0	0	0	0	0	0	0	0	0
1353	0	0	0	0	0	0	0	0	0	0
1354	0	0	0	0	0	0	0	0	0	0
1355	0	0	0	0	0	0	0	0	0	0
1356	0	0	0	0	0	0	0	0	0	0
1357	0	0	0	0	0	0	0	0	0	0
1358	0	0	0	0	0	0	0	0	0	0
1359	0	0	0	0	0	0	0	0	0	0
1360	0	0	0	0	0	0	0	0	0	0
1361	0	0	0	0	0	0	0	0	0	0
1362	0	0	0	0	0	0	0	0	0	0
1363	0	0	0	0	0	0	0	0	0	0
1364	0	0	0	0	0	0	0	0	0	0
1365	0	0	0	0	0	0	0	0	0	0
1366	0	0	0	0	0	0	0	0	0	0
1367	0	0	0	0	0	0	0	0	0	0
1368	0	0	0	0	0	0	0	0	0	0
1369	0	0	0	0	0	0	0	0	0	0
1370	0	0	0	0	0	0	0	0	0	0
1371	0	0	0	0	0	0	0	0	0	0
1372	0	0	0	0	0	0	0	0	0	0
1373	0	0	0	0	0	0	0	0	0	0
1374	0	0	0	0	0	0	0	0	0	0
1375	0	0	0	0	0	0	0	0	0	0
1376	0	0	0	0	0	0	0	0	0	0
1377	0	0	0	0	0	0	0	0	0	0
1378	0	0	0	0	0	0	0	0	0	0
1379	0	0	0	0	0	0	0	0	0	0
1380	0	0	0	0	0	0	0	0	0	0
1381	0	0	0	0	0	0	0	0	0	0
1382	0	0	0	0	0	0	0	0	0	0
1383	0	0	0	0	0	0	0	0	0	0
1384	0	0	0	0	0	0	0	0	0	0
1385	0	0	0	0	0	0	0	0	0	0
1386	0	0	0	0	0	0	0	0	0	0
1387	0	0	0	0	0	0	0	0	0	0
1388	0	0	0	0	0	0	0	0	0	0
1389	0	0	0	0	0	0	0	0	0	0
1390	0	0	0	0	0	0	0	0	0	0
1391	0	0	0	0	0	0	0	0	0	0
1392	0	0	0	0	0	0	0	0	0	0
1393	0	0	0	0	0	0	0	0	0	0
1394	0	0	0	0	0	0	0	0	0	0
1395	0	0	0	0	0	0	0	0	0	0
1396	0	0	0	0	0	0	0	0	0	0
1397	0	0	0	0	0	0	0	0	0	0
1398	0	0	0	0	0	0	0	0	0	0
1399	0	0	0	0	0	0	0	0	0	0
1400	0	0	0	0	0	0	0	0	0	0
1401	0	0	0	0	0	0	0	0	0	0
1402	0	0	0	0	0	0	0	0	0	0
1403	0	0	0	0	0	0	0	0	0	0
1404	0	0	0	0	0	0	0	0	0	0
1405	0	0	0	0	0	0	0	0	0	0
1406	0	0	0	0	0	0	0	0	0	0
1407	0	0	0	0	0	0	0	0	0	0
1408	0	0	0	0	0	0	0	0	0	0
1409	0	0	0	0	0	0	0	0	0	0
1410	0	0	0	0	0	0	0	0	0	0
1411	0	0	0	0	0	0	0	0	0	0
1412	0	0	0	0	0	0	0	0	0	0
1413	0	0	0	0	0	0	0	0	0	0
1414	0	0	0	0	0	0	0	0	0	0
1415	0	0	0	0	0	0	0	0	0	0
1416	0	0	0	0	0	0	0	0	0	0
1417	0	0	0	0	0	0	0	0	0	0
1418	0	0	0	0	0	0	0	0	0	0
1419	0	0	0	0	0	0	0	0	0	0
1420	0	0	0	0	0	0	0	0	0	0
1421	0	0	0	0	0	0	0	0	0	0
1422	0	0	0	0	0	0	0	0	0	0
1423	0	0	0	0	0	0	0	0	0	0
1424	0	0	0	0	0	0	0	0	0	0
1425	0	0	0	0	0	0	0	0	0	0
1426	0	0	0	0	0	0	0	0	0	0
1427	0	0	0	0	0	0	0	0	0	0
1428	0	0	0	0	0	0	0	0	0	0
1429	0	0	0	0	0	0	0	0	0	0
1430	0	0	0	0	0	0	0	0	0	0
1431	0	0	0	0	0	0	0	0	0	0
1432	0	0	0	0	0	0	0	0	0	0
1433	0	0	0	0	0	0	0	0	0	0
1434	0	0	0	0	0	0	0	0	0	0
1435	0	0	0	0	0	0	0	0	0	0
1436	0	0	0	0	0	0	0	0	0	0
1437	0	0	0	0	0	0	0	0	0	0
1438	0	0	0	0	0	0	0	0	0	0
1439	0	0	0	0	0	0	0	0	0	0
1440	0	0	0	0	0	0	0	0	0	0
1441	0	0	0	0	0	0	0	0	0	0
1442	0	0	0	0	0	0	0	0	0	0
1443	0	0	0	0	0	0	0	0	0	0
1444	0	0	0	0	0	0	0	0	0	0
1445	0	0	0	0	0	0	0	0	0	0
1446	0	0	0	0	0	0	0	0	0	0
1447	0	0	0	0	0	0	0	0	0	0
1448	0	0	0	0	0	0	0	0	0	0
1449	0	0	0	0	0	0	0	0	0	0
1450	0	0	0	0	0	0	0	0	0	0
1451	0	0	0	0	0	0	0	0	0	0
1452	0	0	0	0	0	0	0	0	0	0
1453	0	0	0	0	0	0	0	0	0	0
1454	0	0	0	0	0	0	0	0	0	0
1455	0	0	0	0	0	0	0	0	0	0
1456	0	0	0	0	0	0	0	0	0	0
1457	0	0	0	0	0	0	0	0	0	0
1458	0	0	0	0	0	0	0	0	0	0
1459	0	0	0	0	0	0	0	0	0	0
1460	0	0	0	0	0	0	0	0	0	0
1461	0	0	0	0	0	0	0	0	0	0
1462	0	0	0	0	0	0	0	0	0	0
1463	0	0	0	0	0	0	0	0	0	0
1464	0	0	0	0	0	0	0	0	0	0
1465	0	0	0	0	0	0	0	0	0	0
1466	0	0	0	0	0	0	0	0	0	0
1467	0	0	0	0	0	0	0	0	0	0
1468	0	0	0	0	0	0	0	0	0	0
1469	0	0	0	0	0	0	0	0	0	0
1470	0	0	0	0	0	0	0	0	0	0
1471	0	0	0	0	0	0	0	0	0	0
1472	0	0	0	0	0	0	0	0	0	0
1473	0	0	0	0	0	0	0	0	0	0
1474	0	0	0	0	0	0	0	0	0	0
1475	0	0	0	0	0	0	0	0	0	0
1476	0	0	0	0	0	0	0	0	0	0
1477	0	0	0	0	0	0	0	0	0	0
1478	0	0	0	0	0	0	0	0	0	0
1479	0	0	0	0	0	0	0	0	0	0
1480	0	0	0	0	0	0	0	0	0	0
1481	0	0	0	0	0	0	0	0	0	0
1482	0	0	0	0	0	0	0	0	0	0
1483	0	0	0	0	0	0	0	0	0	0
1484	0	0	0	0	0	0	0	0	0	0
1485	0	0	0	0	0	0	0	0	0	0
1486	0	0	0	0	0	0	0	0	0	0
1487	0	0	0	0	0	0	0	0	0	0
1488	0	0	0	0	0	0	0	0	0	0
1489	0	0	0	0	0	0	0	0	0	0
1490	0	0	0	0	0	0	0	0	0	0
1491	0	0	0	0	0	0	0	0	0	0
1492	0	0	0	0	0	0	0	0	0	0
1493	0	0	0	0	0	0	0	0	0	0
1494	0	0	0	0	0	0	0	0	0	0
1495	0	0	0	0	0	0	0	0	0	0
1496	0	0	0	0	0	0	0	0	0	0
1497	0	0	0	0	0	0	0	0	0	0
1498	0	0	0	0	0	0	0	0	0	0
1499	0	0	0	0	0	0	0	0	0	0
1500	0	0	0	0	0	0	0	0	0	0
1501	0	0	0	0	0	0	0	0	0	0
1502	0	0	0	0	0	0	0	0	0	0
1503	0	0	0	0	0	0	0	0	0	0
1504	0	0	0	0	0	0	0	0	0	0
1505	0	0	0	0	0	0	0	0	0	0
1506	0	0	0	0	0	0	0	0	0	0
1507	0	0	0	0	0	0	0	0	0	0
1508	0	0	0	0	0	0	0	0	0	0
1509	0	0	0	0	0	0	0	0	0	0
1510	0	0	0	0	0	0	0	0	0	0
1511	0	0	0	0	0	0	0	0	0	0
1512	0	0	0	0	0	0	0	0	0	0
1513	0	0	0	0	0	0	0	0	0	0
1514	0	0	0	0	0	0	0	0	0	0
1515	0	0	0	0	0	0	0	0	0	0
1516	0	0	0	0	0	0	0	0	0	0
1517	0	0	0	0	0	0	0	0	0	0
1518	0	0	0	0	0	0	0	0	0	0
1519	0	0	0	0	0	0	0	0	0	0
1520	0	0	0	0	0	0	0	0	0	0
1521	0	0	0	0	0	0	0	0	0	0
1522	0	0	0	0	0	0	0	0	0	0
1523	0	0	0	0	0	0	0	0	0	0
1524	0	0	0	0	0	0	0	0	0	0
1525	0	0	0	0	0	0	0	0	0	0
1526	0	0	0	0	0	0	0	0	0	0
1527	0	0	0	0	0	0	0	0	0	0
1528	0	0	0	0	0	0	0	0	0	0
1529	0	0	0	0	0	0	0	0	0	0
1530	0	0	0	0	0	0	0	0	0	0
1531	0	0	0	0	0	0	0	0	0	0
1532	0	0	0	0	0	0	0	0	0	0
1533	0	0	0	0	0	0	0	0	0	0
1534	0	0	0	0	0	0	0	0	0	0
1535	0	0	0	0	0	0	0	0	0	0
1536	0	0	0	0	0	0	0	0	0	0
1537	0	0	0	0	0	0	0	0	0	0
1538	0	0	0	0	0	0	0	0	0	0
1539	0	0	0	0	0	0	0	0	0	0
1540	0	0	0	0	0	0	0	0	0.00063023	0
1541	0	0	0	0	0	0	0	0	0.00100463	0
1542	0	0	0	0	0	0	0	0	0.00196525	0
1543	0	0	0	0	0	0	0	0	0.00240298	0
1544	0	0	0	0	0	0	0	0	0.00272575	0
1545	0	0	0	0	0	0	0	0	0.00312943	0
1546	0	0	0	0	0	0	0	0	0.00364321	0
1547	0	0	0	0	0	0	0	0	0.00429980	0
1548	0	0	0	0	0	0	0	0	0.00508372	0
1549	0	0	0	0	0	0	0	0	0.00609957	0
1550	0	0	0	0	0	0	0	0	0.00739694	0
1551	0	0	0	0	0	0	0	0	0.00905230	0
1552	0	0	0	0	0	0	0	0	0.01128930	0
1553	0	0	0	0	0	0	0	0	0.01432361	0
1554	0	0	0	0	0	0	0	0	0.01836514	0
1555	0	0	0	0	0	0	0	0	0.02391328	0
1556	0	0	0	0	0	0	0	0	0.03166973	0
1557	0	0	0	0	0	0	0	0	0.04211646	0
1558	0	0	0	0	0	0	0	0	0.05579418	0
1559	0	0	0	0	0	0	0	0	0.07389411	0
1560	0	0	0	0	0	0	0	0	0.09843270	0
1561	0	0	0	0	0	0	0	0	0.13052134	0
1562	0	0	0	0	0	0	0	0	0.17317717	0
1563	0	0	0	0	0	0	0	0	0.22901102	0
1564	0	0	0	0	0	0	0	0	0.29772846	0
1565	0	0	0	0	0	0	0	0	0.38018302	0
1566	0	0	0	0	0	0	0	0	0.47455504	0
1567	0	0	0	0	0	0	0	0	0.57153183	0
1568	0	0	0	0	0	0	0	0	0.66205574	0
1569	0	0	0	0	0	0	0	0	0.74154084	0
1570	0	0	0	0	0	0	0	0	0.80883048	0
1571	0	0	0	0	0	0	0	0	0.85950395	0
1572	0	0	0	0	0	0	0	0	0.89593221	0
1573	0	0	0	0	0	0	0	0	0.91975281	0
1574	0	0	0	0	0	0	0	0	0.93339197	0
1575	0	0	0	0	0	0	0	0	0.94042305	0
1576	0	0	0	0	0	0	0	0	0.94342982	0
1577	0	0	0	0	0	0	0	0	0.94455544	0
1578	0	0	0	0	0	0	0	0	0.94510009	0
1579	0	0	0	0	0	0	0	0	0.94559295	0
1580	0	0	0	0	0	0	0	0	0.94631530	0
1581	0	0	0	0	0	0	0	0	0.94741498	0
1582	0	0	0	0	0	0	0	0	0.94864592	0
1583	0	0	0	0	0	0	0	0	0.95008023	0
1584	0	0	0	0	0	0	0	0	0.95167219	0
1585	0	0	0	0	0	0	0	0	0.95313838	0
1586	0	0	0	0	0	0	0	0	0.95458878	0
1587	0	0	0	0	0	0	0	0	0.95600061	0
1588	0	0	0	0	0	0	0	0	0.95726335	0
1589	0	0	0	0	0	0	0	0	0.95850909	0
1590	0	0	0	0	0	0	0	0	0.95981500	0
1591	0	0	0	0	0	0	0	0	0.96092060	0
1592	0	0	0	0	0	0	0	0	0.96200890	0
1593	0	0	0	0	0	0	0	0	0.96323440	0
1594	0	0	0	0	0	0	0	0	0.96443113	0
1595	0	0	0	0	0	0	0	0	0.96558961	0
1596	0	0	0	0	0	0	0	0	0.96683864	0
1597	0	0	0	0	0	0	0	0	0.96812496	0
1598	0	0	0	0	0	0	0	0	0.96931959	0
1599	0	0	0	0	0	0	0	0	0.97058298	0
1600	0	0	0	0	0	0	0	0	0.97182957	0
1601	0	0	0	0	0	0	0	0	0.97216666	0
1602	0	0	0	0	0	0	0	0	0.97242459	0
1603	0	0	0	0	0	0	0	0	0.97269081	0
1604	0	0	0	0	0	0	0	0	0.97295510	0
1605	0	0	0	0	0	0	0	0	0.97314226	0
1606	0	0	0	0	0	0	0	0	0.97326264	0
1607	0	0	0	0	0	0	0	0	0.97348637	0
1608	0	0	0	0	0	0	0	0	0.97383918	0
1609	0	0	0	0	0	0	0	0	0.97426578	0
1610	0	0	0	0	0	0	0	0	0.97468167	0
1611	0	0	0	0	0	0	0	0	0.97524990	0
1612	0	0	0	0	0	0	0	0	0.97590825	0
1613	0	0	0	0	0	0	0	0	0.97652778	0
1614	0	0	0	0	0	0	0	0	0.97717115	0
1615	0	0	0	0	0	0	0	0	0.97795960	0
1616	0	0	0	0	0	0	0	0	0.97862598	0
1617	0	0	0	0	0	0	0	0	0.97925254	0
1618	0	0	0	0	0	0	0	0	0.97997171	0
1619	0	0	0	0	0	0	0	0	0.98053468	0
1620	0	0	0	0	0	0	0	0	0.98066686	0
1621	0	0	0	0	0	0	0	0	0.98052406	0
1622	0	0	0	0	0	0	0	0	0.98014773	0
1623	0	0	0	0	0	0	0	0	0.97943843	0
1624	0	0	0	0	0	0	0	0	0.97860264	0
1625	0	0	0	0	0	0	0	0	0.97785102	0
1626	0	0	0	0	0	0	0	0	0.97719450	0
1627	0	0	0	0	0	0	0	0	0.97670457	0
1628	0	0	0	0	0	0	0	0	0.97665412	0
1629	0	0	0	0	0	0	0	0	0.97692083	0
1630	0	0	0	0	0	0	0	0	0.97748322	0
1631	0	0	0	0	0	0	0	0	0.97840401	0
1632	0	0	0	0	0	0	0	0	0.97968147	0
1633	0	0	0	0	0	0	0	0	0.98116691	0
1634	0	0	0	0	0	0	0	0	0.98269371	0
1635	0	0	0	0	0	0	0	0	0.98417096	0
1636	0	0	0	0	0	0	0	0	0.98534215	0
1637	0	0	0	0	0	0	0	0	0.98614892	0
1638	0	0	0	0	0	0	0	0	0.98653946	0
1639	0	0	0	0	0	0	0	0	0.98645353	0
1640	0	0	0	0	0	0	0	0	0.98599481	0
1641	0	0	0	0	0	0	0	0	0.98540340	0
1642	0	0	0	0	0	0	0	0	0.98487999	0
1643	0	0	0	0	0	0	0	0	0.98482401	0
1644	0	0	0	0	0	0	0	0	0.98586304	0
1645	0	0	0	0	0	0	0	0	0.98838709	0
1646	0	0	0	0	0	0	0	0	0.99233892	0
1647	0	0	0	0	0	0	0	0	0.99686144	0
1648	0	0	0	0	0	0	0	0	1.00000000	0
1649	0	0	0	0	0	0	0	0	0.99890651	0
1650	0	0	0	0	0	0	0	0	0.98939942	0
1651	0	0	0	0	0	0	0	0	0.96699115	0
1652	0	0	0	0	0	0	0	0	0.92592491	0
1653	0	0	0	0	0	0	0	0	0.86278449	0
1654	0	0	0	0	0	0	0	0	0.77980510	0
1655	0	0	0	0	0	0	0	0	0.67578927	0
1656	0	0	0	0	0	0	0	0	0.56128129	0
1657	0	0	0	0	0	0	0	0	0.45199074	0
1658	0	0	0	0	0	0	0	0	0.35755707	0
1659	0	0	0	0	0	0	0	0	0.27945258	0
1660	0	0	0	0	0	0	0	0	0.21417639	0
1661	0	0	0	0	0	0	0	0	0.16264243	0
1662	0	0	0	0	0	0	0	0	0.12500942	0
1663	0	0	0	0	0	0	0	0	0.09793582	0
1664	0	0	0	0	0	0	0	0	0.07944887	0
1665	0	0	0	0	0	0	0	0	0.06638356	0
1666	0	0	0	0	0	0	0	0	0.05752259	0
1667	0	0	0	0	0	0	0	0	0.05161343	0
1668	0	0	0	0	0	0	0	0	0.04723131	0
1669	0	0	0	0	0	0	0	0	0.04349740	0
1670	0	0	0	0	0	0	0	0	0.03966520	0
1671	0	0	0	0	0	0	0	0	0.03561429	0
1672	0	0	0	0	0	0	0	0	0.03151361	0
1673	0	0	0	0	0	0	0	0	0.02764066	0
1674	0	0	0	0	0	0	0	0	0.02426149	0
1675	0	0	0	0	0	0	0	0	0.02131578	0
1676	0	0	0	0	0	0	0	0	0.01895421	0
1677	0	0	0	0	0	0	0	0	0.01154581	0
1678	0	0	0	0	0	0	0	0	0.00920892	0
1679	0	0	0	0	0	0	0	0	0.00162424	0
1680	0	0	0	0	0	0	0	0	0	0
1681	0	0	0	0	0	0	0	0	0	0
1682	0	0	0	0	0	0	0	0	0	0
1683	0	0	0	0	0	0	0	0	0	0
1684	0	0	0	0	0	0	0	0	0	0
1685	0	0	0	0	0	0	0	0	0	0
1686	0	0	0	0	0	0	0	0	0	0
1687	0	0	0	0	0	0	0	0	0	0
1688	0	0	0	0	0	0	0	0	0	0
1689	0	0	0	0	0	0	0	0	0	0
1690	0	0	0	0	0	0	0	0	0	0
1691	0	0	0	0	0	0	0	0	0	0
1692	0	0	0	0	0	0	0	0	0	0
1693	0	0	0	0	0	0	0	0	0	0
1694	0	0	0	0	0	0	0	0	0	0
1695	0	0	0	0	0	0	0	0	0	0
1696	0	0	0	0	0	0	0	0	0	0
1697	0	0	0	0	0	0	0	0	0	0
1698	0	0	0	0	0	0	0	0	0	0
1699	0	0	0	0	0	0	0	0	0	0
1700	0	0	0	0	0	0	0	0	0	0
1701	0	0	0	0	0	0	0	0	0	0
1702	0	0	0	0	0	0	0	0	0	0
1703	0	0	0	0	0	0	0	0	0	0
1704	0	0	0	0	0	0	0	0	0	0
1705	0	0	0	0	0	0	0	0	0	0
1706	0	0	0	0	0	0	0	0	0	0
1707	0	0	0	0	0	0	0	0	0	0
1708	0	0	0	0	0	0	0	0	0	0
1709	0	0	0	0	0	0	0	0	0	0
1710	0	0	0	0	0	0	0	0	0	0
1711	0	0	0	0	0	0	0	0	0	0
1712	0	0	0	0	0	0	0	0	0	0
1713	0	0	0	0	0	0	0	0	0	0
1714	0	0	0	0	0	0	0	0	0	0
1715	0	0	0	0	0	0	0	0	0	0
1716	0	0	0	0	0	0	0	0	0	0
1717	0	0	0	0	0	0	0	0	0	0
1718	0	0	0	0	0	0	0	0	0	0
1719	0	0	0	0	0	0	0	0	0	0
1720	0	0	0	0	0	0	0	0	0	0
1721	0	0	0	0	0	0	0	0	0	0
1722	0	0	0	0	0	0	0	0	0	0
1723	0	0	0	0	0	0	0	0	0	0
1724	0	0	0	0	0	0	0	0	0	0
1725	0	0	0	0	0	0	0	0	0	0
1726	0	0	0	0	0	0	0	0	0	0
1727	0	0	0	0	0	0	0	0	0	0
1728	0	0	0	0	0	0	0	0	0	0
1729	0	0	0	0	0	0	0	0	0	0
1730	0	0	0	0	0	0	0	0	0	0
1731	0	0	0	0	0	0	0	0	0	0
1732	0	0	0	0	0	0	0	0	0	0
1733	0	0	0	0	0	0	0	0	0	0
1734	0	0	0	0	0	0	0	0	0	0
1735	0	0	0	0	0	0	0	0	0	0
1736	0	0	0	0	0	0	0	0	0	0
1737	0	0	0	0	0	0	0	0	0	0
1738	0	0	0	0	0	0	0	0	0	0
1739	0	0	0	0	0	0	0	0	0	0
1740	0	0	0	0	0	0	0	0	0	0
1741	0	0	0	0	0	0	0	0	0	0
1742	0	0	0	0	0	0	0	0	0	0
1743	0	0	0	0	0	0	0	0	0	0
1744	0	0	0	0	0	0	0	0	0	0
1745	0	0	0	0	0	0	0	0	0	0
1746	0	0	0	0	0	0	0	0	0	0
1747	0	0	0	0	0	0	0	0	0	0
1748	0	0	0	0	0	0	0	0	0	0
1749	0	0	0	0	0	0	0	0	0	0
1750	0	0	0	0	0	0	0	0	0	0
1751	0	0	0	0	0	0	0	0	0	0
1752	0	0	0	0	0	0	0	0	0	0
1753	0	0	0	0	0	0	0	0	0	0
1754	0	0	0	0	0	0	0	0	0	0
1755	0	0	0	0	0	0	0	0	0	0
1756	0	0	0	0	0	0	0	0	0	0
1757	0	0	0	0	0	0	0	0	0	0
1758	0	0	0	0	0	0	0	0	0	0
1759	0	0	0	0	0	0	0	0	0	0
1760	0	0	0	0	0	0	0	0	0	0
1761	0	0	0	0	0	0	0	0	0	0
1762	0	0	0	0	0	0	0	0	0	0
1763	0	0	0	0	0	0	0	0	0	0
1764	0	0	0	0	0	0	0	0	0	0
1765	0	0	0	0	0	0	0	0	0	0
1766	0	0	0	0	0	0	0	0	0	0
1767	0	0	0	0	0	0	0	0	0	0
1768	0	0	0	0	0	0	0	0	0	0
1769	0	0	0	0	0	0	0	0	0	0
1770	0	0	0	0	0	0	0	0	0	0
1771	0	0	0	0	0	0	0	0	0	0
1772	0	0	0	0	0	0	0	0	0	0
1773	0	0	0	0	0	0	0	0	0	0
1774	0	0	0	0	0	0	0	0	0	0
1775	0	0	0	0	0	0	0	0	0	0
1776	0	0	0	0	0	0	0	0	0	0
1777	0	0	0	0	0	0	0	0	0	0
1778	0	0	0	0	0	0	0	0	0	0
1779	0	0	0	0	0	0	0	0	0	0
1780	0	0	0	0	0	0	0	0	0	0
1781	0	0	0	0	0	0	0	0	0	0
1782	0	0	0	0	0	0	0	0	0	0
1783	0	0	0	0	0	0	0	0	0	0
1784	0	0	0	0	0	0	0	0	0	0
1785	0	0	0	0	0	0	0	0	0	0
1786	0	0	0	0	0	0	0	0	0	0
1787	0	0	0	0	0	0	0	0	0	0
1788	0	0	0	0	0	0	0	0	0	0
1789	0	0	0	0	0	0	0	0	0	0
1790	0	0	0	0	0	0	0	0	0	0
1791	0	0	0	0	0	0	0	0	0	0
1792	0	0	0	0	0	0	0	0	0	0
1793	0	0	0	0	0	0	0	0	0	0
1794	0	0	0	0	0	0	0	0	0	0
1795	0	0	0	0	0	0	0	0	0	0
1796	0	0	0	0	0	0	0	0	0	0
1797	0	0	0	0	0	0	0	0	0	0
1798	0	0	0	0	0	0	0	0	0	0
1799	0	0	0	0	0	0	0	0	0	0
1800	0	0	0	0	0	0	0	0	0	0
1801	0	0	0	0	0	0	0	0	0	0
1802	0	0	0	0	0	0	0	0	0	0
1803	0	0	0	0	0	0	0	0	0	0
1804	0	0	0	0	0	0	0	0	0	0
1805	0	0	0	0	0	0	0	0	0	0
1806	0	0	0	0	0	0	0	0	0	0
1807	0	0	0	0	0	0	0	0	0	0
1808	0	0	0	0	0	0	0	0	0	0
1809	0	0	0	0	0	0	0	0	0	0
1810	0	0	0	0	0	0	0	0	0	0
1811	0	0	0	0	0	0	0	0	0	0
1812	0	0	0	0	0	0	0	0	0	0
1813	0	0	0	0	0	0	0	0	0	0
1814	0	0	0	0	0	0	0	0	0	0
1815	0	0	0	0	0	0	0	0	0	0
1816	0	0	0	0	0	0	0	0	0	0
1817	0	0	0	0	0	0	0	0	0	0
1818	0	0	0	0	0	0	0	0	0	0
1819	0	0	0	0	0	0	0	0	0	0
1820	0	0	0	0	0	0	0	0	0	0
1821	0	0	0	0	0	0	0	0	0	0
1822	0	0	0	0	0	0	0	0	0	0
1823	0	0	0	0	0	0	0	0	0	0
1824	0	0	0	0	0	0	0	0	0	0
1825	0	0	0	0	0	0	0	0	0	0
1826	0	0	0	0	0	0	0	0	0	0
1827	0	0	0	0	0	0	0	0	0	0
1828	0	0	0	0	0	0	0	0	0	0
1829	0	0	0	0	0	0	0	0	0	0
1830	0	0	0	0	0	0	0	0	0	0
1831	0	0	0	0	0	0	0	0	0	0
1832	0	0	0	0	0	0	0	0	0	0
1833	0	0	0	0	0	0	0	0	0	0
1834	0	0	0	0	0	0	0	0	0	0
1835	0	0	0	0	0	0	0	0	0	0
1836	0	0	0	0	0	0	0	0	0	0
1837	0	0	0	0	0	0	0	0	0	0
1838	0	0	0	0	0	0	0	0	0	0
1839	0	0	0	0	0	0	0	0	0	0
1840	0	0	0	0	0	0	0	0	0	0
1841	0	0	0	0	0	0	0	0	0	0
1842	0	0	0	0	0	0	0	0	0	0
1843	0	0	0	0	0	0	0	0	0	0
1844	0	0	0	0	0	0	0	0	0	0
1845	0	0	0	0	0	0	0	0	0	0
1846	0	0	0	0	0	0	0	0	0	0
1847	0	0	0	0	0	0	0	0	0	0
1848	0	0	0	0	0	0	0	0	0	0
1849	0	0	0	0	0	0	0	0	0	0
1850	0	0	0	0	0	0	0	0	0	0
1851	0	0	0	0	0	0	0	0	0	0
1852	0	0	0	0	0	0	0	0	0	0
1853	0	0	0	0	0	0	0	0	0	0
1854	0	0	0	0	0	0	0	0	0	0
1855	0	0	0	0	0	0	0	0	0	0
1856	0	0	0	0	0	0	0	0	0	0
1857	0	0	0	0	0	0	0	0	0	0
1858	0	0	0	0	0	0	0	0	0	0
1859	0	0	0	0	0	0	0	0	0	0
1860	0	0	0	0	0	0	0	0	0	0
1861	0	0	0	0	0	0	0	0	0	0
1862	0	0	0	0	0	0	0	0	0	0
1863	0	0	0	0	0	0	0	0	0	0
1864	0	0	0	0	0	0	0	0	0	0
1865	0	0	0	0	0	0	0	0	0	0
1866	0	0	0	0	0	0	0	0	0	0
1867	0	0	0	0	0	0	0	0	0	0
1868	0	0	0	0	0	0	0	0	0	0
1869	0	0	0	0	0	0	0	0	0	0
1870	0	0	0	0	0	0	0	0	0	0
1871	0	0	0	0	0	0	0	0	0	0
1872	0	0	0	0	0	0	0	0	0	0
1873	0	0	0	0	0	0	0	0	0	0
1874	0	0	0	0	0	0	0	0	0	0
1875	0	0	0	0	0	0	0	0	0	0
1876	0	0	0	0	0	0	0	0	0	0
1877	0	0	0	0	0	0	0	0	0	0
1878	0	0	0	0	0	0	0	0	0	0
1879	0	0	0	0	0	0	0	0	0	0
1880	0	0	0	0	0	0	0	0	0	0
1881	0	0	0	0	0	0	0	0	0	0
1882	0	0	0	0	0	0	0	0	0	0
1883	0	0	0	0	0	0	0	0	0	0
1884	0	0	0	0	0	0	0	0	0	0
1885	0	0	0	0	0	0	0	0	0	0
1886	0	0	0	0	0	0	0	0	0	0
1887	0	0	0	0	0	0	0	0	0	0
1888	0	0	0	0	0	0	0	0	0	0
1889	0	0	0	0	0	0	0	0	0	0
1890	0	0	0	0	0	0	0	0	0	0
1891	0	0	0	0	0	0	0	0	0	0
1892	0	0	0	0	0	0	0	0	0	0
1893	0	0	0	0	0	0	0	0	0	0
1894	0	0	0	0	0	0	0	0	0	0
1895	0	0	0	0	0	0	0	0	0	0
1896	0	0	0	0	0	0	0	0	0	0
1897	0	0	0	0	0	0	0	0	0	0
1898	0	0	0	0	0	0	0	0	0	0
1899	0	0	0	0	0	0	0	0	0	0
1900	0	0	0	0	0	0	0	0	0	0
1901	0	0	0	0	0	0	0	0	0	0
1902	0	0	0	0	0	0	0	0	0	0
1903	0	0	0	0	0	0	0	0	0	0
1904	0	0	0	0	0	0	0	0	0	0
1905	0	0	0	0	0	0	0	0	0	0
1906	0	0	0	0	0	0	0	0	0	0
1907	0	0	0	0	0	0	0	0	0	0
1908	0	0	0	0	0	0	0	0	0	0
1909	0	0	0	0	0	0	0	0	0	0
1910	0	0	0	0	0	0	0	0	0	0
1911	0	0	0	0	0	0	0	0	0	0
1912	0	0	0	0	0	0	0	0	0	0
1913	0	0	0	0	0	0	0	0	0	0
1914	0	0	0	0	0	0	0	0	0	0
1915	0	0	0	0	0	0	0	0	0	0
1916	0	0	0	0	0	0	0	0	0	0
1917	0	0	0	0	0	0	0	0	0	0
1918	0	0	0	0	0	0	0	0	0	0
1919	0	0	0	0	0	0	0	0	0	0
1920	0	0	0	0	0	0	0	0	0	0
1921	0	0	0	0	0	0	0	0	0	0
1922	0	0	0	0	0	0	0	0	0	0
1923	0	0	0	0	0	0	0	0	0	0
1924	0	0	0	0	0	0	0	0	0	0
1925	0	0	0	0	0	0	0	0	0	0
1926	0	0	0	0	0	0	0	0	0	0
1927	0	0	0	0	0	0	0	0	0	0
1928	0	0	0	0	0	0	0	0	0	0
1929	0	0	0	0	0	0	0	0	0	0
1930	0	0	0	0	0	0	0	0	0	0
1931	0	0	0	0	0	0	0	0	0	0
1932	0	0	0	0	0	0	0	0	0	0
1933	0	0	0	0	0	0	0	0	0	0
1934	0	0	0	0	0	0	0	0	0	0
1935	0	0	0	0	0	0	0	0	0	0
1936	0	0	0	0	0	0	0	0	0	0
1937	0	0	0	0	0	0	0	0	0	0
1938	0	0	0	0	0	0	0	0	0	0
1939	0	0	0	0	0	0	0	0	0	0
1940	0	0	0	0	0	0	0	0	0	0
1941	0	0	0	0	0	0	0	0	0	0
1942	0	0	0	0	0	0	0	0	0	0
1943	0	0	0	0	0	0	0	0	0	0
1944	0	0	0	0	0	0	0	0	0	0
1945	0	0	0	0	0	0	0	0	0	0
1946	0	0	0	0	0	0	0	0	0	0
1947	0	0	0	0	0	0	0	0	0	0
1948	0	0	0	0	0	0	0	0	0	0
1949	0	0	0	0	0	0	0	0	0	0
1950	0	0	0	0	0	0	0	0	0	0
1951	0	0	0	0	0	0	0	0	0	0
1952	0	0	0	0	0	0	0	0	0	0
1953	0	0	0	0	0	0	0	0	0	0
1954	0	0	0	0	0	0	0	0	0	0
1955	0	0	0	0	0	0	0	0	0	0
1956	0	0	0	0	0	0	0	0	0	0
1957	0	0	0	0	0	0	0	0	0	0
1958	0	0	0	0	0	0	0	0	0	0
1959	0	0	0	0	0	0	0	0	0	0
1960	0	0	0	0	0	0	0	0	0	0
1961	0	0	0	0	0	0	0	0	0	0
1962	0	0	0	0	0	0	0	0	0	0
1963	0	0	0	0	0	0	0	0	0	0
1964	0	0	0	0	0	0	0	0	0	0
1965	0	0	0	0	0	0	0	0	0	0
1966	0	0	0	0	0	0	0	0	0	0
1967	0	0	0	0	0	0	0	0	0	0
1968	0	0	0	0	0	0	0	0	0	0
1969	0	0	0	0	0	0	0	0	0	0
1970	0	0	0	0	0	0	0	0	0	0
1971	0	0	0	0	0	0	0	0	0	0
1972	0	0	0	0	0	0	0	0	0	0
1973	0	0	0	0	0	0	0	0	0	0
1974	0	0	0	0	0	0	0	0	0	0
1975	0	0	0	0	0	0	0	0	0	0
1976	0	0	0	0	0	0	0	0	0	0
1977	0	0	0	0	0	0	0	0	0	0
1978	0	0	0	0	0	0	0	0	0	0
1979	0	0	0	0	0	0	0	0	0	0
1980	0	0	0	0	0	0	0	0	0	0
1981	0	0	0	0	0	0	0	0	0	0
1982	0	0	0	0	0	0	0	0	0	0
1983	0	0	0	0	0	0	0	0	0	0
1984	0	0	0	0	0	0	0	0	0	0
1985	0	0	0	0	0	0	0	0	0	0
1986	0	0	0	0	0	0	0	0	0	0
1987	0	0	0	0	0	0	0	0	0	0
1988	0	0	0	0	0	0	0	0	0	0
1989	0	0	0	0	0	0	0	0	0	0
1990	0	0	0	0	0	0	0	0	0	0
1991	0	0	0	0	0	0	0	0	0	0
1992	0	0	0	0	0	0	0	0	0	0
1993	0	0	0	0	0	0	0	0	0	0
1994	0	0	0	0	0	0	0	0	0	0
1995	0	0	0	0	0	0	0	0	0	0
1996	0	0	0	0	0	0	0	0	0	0
1997	0	0	0	0	0	0	0	0	0	0
1998	0	0	0	0	0	0	0	0	0	0
1999	0	0	0	0	0	0	0	0	0	0
2000	0	0	0	0	0	0	0	0	0	0
2001	0	0	0	0	0	0	0	0	0	0
2002	0	0	0	0	0	0	0	0	0	0
2003	0	0	0	0	0	0	0	0	0	0
2004	0	0	0	0	0	0	0	0	0	0
2005	0	0	0	0	0	0	0	0	0	0
2006	0	0	0	0	0	0	0	0	0	0
2007	0	0	0	0	0	0	0	0	0	0
2008	0	0	0	0	0	0	0	0	0	0
2009	0	0	0	0	0	0	0	0	0	0
2010	0	0	0	0	0	0	0	0	0	0
2011	0	0	0	0	0	0	0	0	0	0
2012	0	0	0	0	0	0	0	0	0	0
2013	0	0	0	0	0	0	0	0	0	0
2014	0	0	0	0	0	0	0	0	0	0
2015	0	0	0	0	0	0	0	0	0	0
2016	0	0	0	0	0	0	0	0	0	0
2017	0	0	0	0	0	0	0	0	0	0
2018	0	0	0	0	0	0	0	0	0	0
2019	0	0	0	0	0	0	0	0	0	0
2020	0	0	0	0	0	0	0	0	0	0
2021	0	0	0	0	0	0	0	0	0	0
2022	0	0	0	0	0	0	0	0	0	0
2023	0	0	0	0	0	0	0	0	0	0
2024	0	0	0	0	0	0	0	0	0	0
2025	0	0	0	0	0	0	0	0	0	0
2026	0	0	0	0	0	0	0	0	0	0
2027	0	0	0	0	0	0	0	0	0	0
2028	0	0	0	0	0	0	0	0	0	0
2029	0	0	0	0	0	0	0	0	0	0
2030	0	0	0	0	0	0	0	0	0	0
2031	0	0	0	0	0	0	0	0	0	0
2032	0	0	0	0	0	0	0	0	0	0
2033	0	0	0	0	0	0	0	0	0	0
2034	0	0	0	0	0	0	0	0	0	0
2035	0	0	0	0	0	0	0	0	0	0
2036	0	0	0	0	0	0	0	0	0	0
2037	0	0	0	0	0	0	0	0	0	0
2038	0	0	0	0	0	0	0	0	0	0
2039	0	0	0	0	0	0	0	0	0	0
2040	0	0	0	0	0	0	0	0	0	0
2041	0	0	0	0	0	0	0	0	0	0
2042	0	0	0	0	0	0	0	0	0	0
2043	0	0	0	0	0	0	0	0	0	0
2044	0	0	0	0	0	0	0	0	0	0
2045	0	0	0	0	0	0	0	0	0	0
2046	0	0	0	0	0	0	0	0	0	0
2047	0	0	0	0	0	0	0	0	0	0
2048	0	0	0	0	0	0	0	0	0	0
2049	0	0	0	0	0	0	0	0	0	0
2050	0	0	0	0	0	0	0	0	0	0
2051	0	0	0	0	0	0	0	0	0	0
2052	0	0	0	0	0	0	0	0	0	0
2053	0	0	0	0	0	0	0	0	0	0
2054	0	0	0	0	0	0	0	0	0	0
2055	0	0	0	0	0	0	0	0	0	0
2056	0	0	0	0	0	0	0	0	0	0
2057	0	0	0	0	0	0	0	0	0	0
2058	0	0	0	0	0	0	0	0	0	0
2059	0	0	0	0	0	0	0	0	0	0
2060	0	0	0	0	0	0	0	0	0	0
2061	0	0	0	0	0	0	0	0	0	0
2062	0	0	0	0	0	0	0	0	0	0
2063	0	0	0	0	0	0	0	0	0	0
2064	0	0	0	0	0	0	0	0	0	0
2065	0	0	0	0	0	0	0	0	0	0
2066	0	0	0	0	0	0	0	0	0	0.00491468
2067	0	0	0	0	0	0	0	0	0	0.00492870
2068	0	0	0	0	0	0	0	0	0	0.02284368
2069	0	0	0	0	0	0	0	0	0	0.02287139
2070	0	0	0	0	0	0	0	0	0	0.04618013
2071	0	0	0	0	0	0	0	0	0	0.05020485
2072	0	0	0	0	0	0	0	0	0	0.05041886
2073	0	0	0	0	0	0	0	0	0	0.05065907
2074	0	0	0	0	0	0	0	0	0	0.05107736
2075	0	0	0	0	0	0	0	0	0	0.05166332
2076	0	0	0	0	0	0	0	0	0	0.05235439
2077	0	0	0	0	0	0	0	0	0	0.05331439
2078	0	0	0	0	0	0	0	0	0	0.05452316
2079	0	0	0	0	0	0	0	0	0	0.05587971
2080	0	0	0	0	0	0	0	0	0	0.05753624
2081	0	0	0	0	0	0	0	0	0	0.05963994
2082	0	0	0	0	0	0	0	0	0	0.06211299
2083	0	0	0	0	0	0	0	0	0	0.06507669
2084	0	0	0	0	0	0	0	0	0	0.06882476
2085	0	0	0	0	0	0	0	0	0	0.07330369
2086	0	0	0	0	0	0	0	0	0	0.07858385
2087	0	0	0	0	0	0	0	0	0	0.08498035
2088	0	0	0	0	0	0	0	0	0	0.09257479
2089	0	0	0	0	0	0	0	0	0	0.10155231
2090	0	0	0	0	0	0	0	0	0	0.11246838
2091	0	0	0	0	0	0	0	0	0	0.12622196
2092	0	0	0	0	0	0	0	0	0	0.14305696
2093	0	0	0	0	0	0	0	0	0	0.16395530
2094	0	0	0	0	0	0	0	0	0	0.19026520
2095	0	0	0	0	0	0	0	0	0	0.22224105
2096	0	0	0	0	0	0	0	0	0	0.26011569
2097	0	0	0	0	0	0	0	0	0	0.30418004
2098	0	0	0	0	0	0	0	0	0	0.35387323
2099	0	0	0	0	0	0	0	0	0	0.40828658
2100	0	0	0	0	0	0	0	0	0	0.46718282
2101	0	0	0	0	0	0	0	0	0	0.53102556
2102	0	0	0	0	0	0	0	0	0	0.59646538
2103	0	0	0	0	0	0	0	0	0	0.66149967
2104	0	0	0	0	0	0	0	0	0	0.72440634
2105	0	0	0	0	0	0	0	0	0	0.78055590
2106	0	0	0	0	0	0	0	0	0	0.82789460
2107	0	0	0	0	0	0	0	0	0	0.86594077
2108	0	0	0	0	0	0	0	0	0	0.89485059
2109	0	0	0	0	0	0	0	0	0	0.91587813
2110	0	0	0	0	0	0	0	0	0	0.93074947
2111	0	0	0	0	0	0	0	0	0	0.94125515
2112	0	0	0	0	0	0	0	0	0	0.94834667
2113	0	0	0	0	0	0	0	0	0	0.95279337
2114	0	0	0	0	0	0	0	0	0	0.95563448
2115	0	0	0	0	0	0	0	0	0	0.95738430
2116	0	0	0	0	0	0	0	0	0	0.95831147
2117	0	0	0	0	0	0	0	0	0	0.95888903
2118	0	0	0	0	0	0	0	0	0	0.95913621
2119	0	0	0	0	0	0	0	0	0	0.95910279
2120	0	0	0	0	0	0	0	0	0	0.95900464
2121	0	0	0	0	0	0	0	0	0	0.95869021
2122	0	0	0	0	0	0	0	0	0	0.95822070
2123	0	0	0	0	0	0	0	0	0	0.95765399
2124	0	0	0	0	0	0	0	0	0	0.95685980
2125	0	0	0	0	0	0	0	0	0	0.95611222
2126	0	0	0	0	0	0	0	0	0	0.95540176
2127	0	0	0	0	0	0	0	0	0	0.95470068
2128	0	0	0	0	0	0	0	0	0	0.95420658
2129	0	0	0	0	0	0	0	0	0	0.95381414
2130	0	0	0	0	0	0	0	0	0	0.95366864
2131	0	0	0	0	0	0	0	0	0	0.95391137
2132	0	0	0	0	0	0	0	0	0	0.95447601
2133	0	0	0	0	0	0	0	0	0	0.95553970
2134	0	0	0	0	0	0	0	0	0	0.95713459
2135	0	0	0	0	0	0	0	0	0	0.95915586
2136	0	0	0	0	0	0	0	0	0	0.96185240
2137	0	0	0	0	0	0	0	0	0	0.96503607
2138	0	0	0	0	0	0	0	0	0	0.96848853
2139	0	0	0	0	0	0	0	0	0	0.97220787
2140	0	0	0	0	0	0	0	0	0	0.97576852
2141	0	0	0	0	0	0	0	0	0	0.97917798
2142	0	0	0	0	0	0	0	0	0	0.98206554
2143	0	0	0	0	0	0	0	0	0	0.98396807
2144	0	0	0	0	0	0	0	0	0	0.98478190
2145	0	0	0	0	0	0	0	0	0	0.98440105
2146	0	0	0	0	0	0	0	0	0	0.98274956
2147	0	0	0	0	0	0	0	0	0	0.98028877
2148	0	0	0	0	0	0	0	0	0	0.97732548
2149	0	0	0	0	0	0	0	0	0	0.97416229
2150	0	0	0	0	0	0	0	0	0	0.97135240
2151	0	0	0	0	0	0	0	0	0	0.96933207
2152	0	0	0	0	0	0	0	0	0	0.96775723
2153	0	0	0	0	0	0	0	0	0	0.96700780
2154	0	0	0	0	0	0	0	0	0	0.96701721
2155	0	0	0	0	0	0	0	0	0	0.96828442
2156	0	0	0	0	0	0	0	0	0	0.97106594
2157	0	0	0	0	0	0	0	0	0	0.97515555
2158	0	0	0	0	0	0	0	0	0	0.98049808
2159	0	0	0	0	0	0	0	0	0	0.98661173
2160	0	0	0	0	0	0	0	0	0	0.99259589
2161	0	0	0	0	0	0	0	0	0	0.99765650
2162	0	0	0	0	0	0	0	0	0	1.00000000
2163	0	0	0	0	0	0	0	0	0	0.99750092
2164	0	0	0	0	0	0	0	0	0	0.98834845
2165	0	0	0	0	0	0	0	0	0	0.97254690
2166	0	0	0	0	0	0	0	0	0	0.95300687
2167	0	0	0	0	0	0	0	0	0	0.93424616
2168	0	0	0	0	0	0	0	0	0	0.91942468
2169	0	0	0	0	0	0	0	0	0	0.90913875
2170	0	0	0	0	0	0	0	0	0	0.90230900
2171	0	0	0	0	0	0	0	0	0	0.89747559
2172	0	0	0	0	0	0	0	0	0	0.89417419
2173	0	0	0	0	0	0	0	0	0	0.89197277
2174	0	0	0	0	0	0	0	0	0	0.89018189
2175	0	0	0	0	0	0	0	0	0	0.88881285
2176	0	0	0	0	0	0	0	0	0	0.88780323
2177	0	0	0	0	0	0	0	0	0	0.88685497
2178	0	0	0	0	0	0	0	0	0	0.88611521
2179	0	0	0	0	0	0	0	0	0	0.88551850
2180	0	0	0	0	0	0	0	0	0	0.88487419
2181	0	0	0	0	0	0	0	0	0	0.88448655
2182	0	0	0	0	0	0	0	0	0	0.88392730
2183	0	0	0	0	0	0	0	0	0	0.88302094
2184	0	0	0	0	0	0	0	0	0	0.88178036
2185	0	0	0	0	0	0	0	0	0	0.88014279
2186	0	0	0	0	0	0	0	0	0	0.87817468
2187	0	0	0	0	0	0	0	0	0	0.87586099
2188	0	0	0	0	0	0	0	0	0	0.87308745
2189	0	0	0	0	0	0	0	0	0	0.86982300
2190	0	0	0	0	0	0	0	0	0	0.86629526
2191	0	0	0	0	0	0	0	0	0	0.86322131
2192	0	0	0	0	0	0	0	0	0	0.85942917
2193	0	0	0	0	0	0	0	0	0	0.85490733
2194	0	0	0	0	0	0	0	0	0	0.84920106
2195	0	0	0	0	0	0	0	0	0	0.84270676
2196	0	0	0	0	0	0	0	0	0	0.83574059
2197	0	0	0	0	0	0	0	0	0	0.82825194
2198	0	0	0	0	0	0	0	0	0	0.82064911
2199	0	0	0	0	0	0	0	0	0	0.81318464
2200	0	0	0	0	0	0	0	0	0	0.80627161
2201	0	0	0	0	0	0	0	0	0	0.80277895
2202	0	0	0	0	0	0	0	0	0	0.79973187
2203	0	0	0	0	0	0	0	0	0	0.79712164
2204	0	0	0	0	0	0	0	0	0	0.79514160
2205	0	0	0	0	0	0	0	0	0	0.79435213
2206	0	0	0	0	0	0	0	0	0	0.79493809
2207	0	0	0	0	0	0	0	0	0	0.79712030
2208	0	0	0	0	0	0	0	0	0	0.80082713
2209	0	0	0	0	0	0	0	0	0	0.80596112
2210	0	0	0	0	0	0	0	0	0	0.81215075
2211	0	0	0	0	0	0	0	0	0	0.81781806
2212	0	0	0	0	0	0	0	0	0	0.82463822
2213	0	0	0	0	0	0	0	0	0	0.83281039
2214	0	0	0	0	0	0	0	0	0	0.84209158
2215	0	0	0	0	0	0	0	0	0	0.85227493
2216	0	0	0	0	0	0	0	0	0	0.86343742
2217	0	0	0	0	0	0	0	0	0	0.87536026
2218	0	0	0	0	0	0	0	0	0	0.88782312
2219	0	0	0	0	0	0	0	0	0	0.90093475
2220	0	0	0	0	0	0	0	0	0	0.91280586
2221	0	0	0	0	0	0	0	0	0	0.91656651
2222	0	0	0	0	0	0	0	0	0	0.92027848
2223	0	0	0	0	0	0	0	0	0	0.92394493
2224	0	0	0	0	0	0	0	0	0	0.92753146
2225	0	0	0	0	0	0	0	0	0	0.93103578
2226	0	0	0	0	0	0	0	0	0	0.93428831
2227	0	0	0	0	0	0	0	0	0	0.93718544
2228	0	0	0	0	0	0	0	0	0	0.93989844
2229	0	0	0	0	0	0	0	0	0	0.94227660
2230	0	0	0	0	0	0	0	0	0	0.94413556
2231	0	0	0	0	0	0	0	0	0	0.94462547
2232	0	0	0	0	0	0	0	0	0	0.94487920
2233	0	0	0	0	0	0	0	0	0	0.94491001
2234	0	0	0	0	0	0	0	0	0	0.94485200
2235	0	0	0	0	0	0	0	0	0	0.94455846
2236	0	0	0	0	0	0	0	0	0	0.94400291
2237	0	0	0	0	0	0	0	0	0	0.94345767
2238	0	0	0	0	0	0	0	0	0	0.94274594
2239	0	0	0	0	0	0	0	0	0	0.94188922
2240	0	0	0	0	0	0	0	0	0	0.94145363
2241	0	0	0	0	0	0	0	0	0	0.94254033
2242	0	0	0	0	0	0	0	0	0	0.94353239
2243	0	0	0	0	0	0	0	0	0	0.94462287
2244	0	0	0	0	0	0	0	0	0	0.94556575
2245	0	0	0	0	0	0	0	0	0	0.94634069
2246	0	0	0	0	0	0	0	0	0	0.94721489
2247	0	0	0	0	0	0	0	0	0	0.94795525
2248	0	0	0	0	0	0	0	0	0	0.94850745
2249	0	0	0	0	0	0	0	0	0	0.94912423
2250	0	0	0	0	0	0	0	0	0	0.94951523
2251	0	0	0	0	0	0	0	0	0	0.94915923
2252	0	0	0	0	0	0	0	0	0	0.94894153
2253	0	0	0	0	0	0	0	0	0	0.94869317
2254	0	0	0	0	0	0	0	0	0	0.94831720
2255	0	0	0	0	0	0	0	0	0	0.94812241
2256	0	0	0	0	0	0	0	0	0	0.94812309
2257	0	0	0	0	0	0	0	0	0	0.94810193
2258	0	0	0	0	0	0	0	0	0	0.94847496
2259	0	0	0	0	0	0	0	0	0	0.94929163
2260	0	0	0	0	0	0	0	0	0	0.95017044
2261	0	0	0	0	0	0	0	0	0	0.95091393
2262	0	0	0	0	0	0	0	0	0	0.95237952
2263	0	0	0	0	0	0	0	0	0	0.95442068
2264	0	0	0	0	0	0	0	0	0	0.95722704
2265	0	0	0	0	0	0	0	0	0	0.96081936
2266	0	0	0	0	0	0	0	0	0	0.96469411
2267	0	0	0	0	0	0	0	0	0	0.96884393
2268	0	0	0	0	0	0	0	0	0	0.97303847
2269	0	0	0	0	0	0	0	0	0	0.97652527
2270	0	0	0	0	0	0	0	0	0	0.97903122
2271	0	0	0	0	0	0	0	0	0	0.97999097
2272	0	0	0	0	0	0	0	0	0	0.97802453
2273	0	0	0	0	0	0	0	0	0	0.97170360
2274	0	0	0	0	0	0	0	0	0	0.95972007
2275	0	0	0	0	0	0	0	0	0	0.94091133
2276	0	0	0	0	0	0	0	0	0	0.91472520
2277	0	0	0	0	0	0	0	0	0	0.88087509
2278	0	0	0	0	0	0	0	0	0	0.84003481
2279	0	0	0	0	0	0	0	0	0	0.79312287
2280	0	0	0	0	0	0	0	0	0	0.73848393
2281	0	0	0	0	0	0	0	0	0	0.67645850
2282	0	0	0	0	0	0	0	0	0	0.61189674
2283	0	0	0	0	0	0	0	0	0	0.54519835
2284	0	0	0	0	0	0	0	0	0	0.47846739
2285	0	0	0	0	0	0	0	0	0	0.41595172
2286	0	0	0	0	0	0	0	0	0	0.35952602
2287	0	0	0	0	0	0	0	0	0	0.30914250
2288	0	0	0	0	0	0	0	0	0	0.26554690
2289	0	0	0	0	0	0	0	0	0	0.22833152
2290	0	0	0	0	0	0	0	0	0	0.19521884
2291	0	0	0	0	0	0	0	0	0	0.16613364
2292	0	0	0	0	0	0	0	0	0	0.14161268
2293	0	0	0	0	0	0	0	0	0	0.12045777
2294	0	0	0	0	0	0	0	0	0	0.10231525
2295	0	0	0	0	0	0	0	0	0	0.08732284
2296	0	0	0	0	0	0	0	0	0	0.07506207
2297	0	0	0	0	0	0	0	0	0	0.06489148
2298	0	0	0	0	0	0	0	0	0	0.05649270
2299	0	0	0	0	0	0	0	0	0	0.04954752
2300	0	0	0	0	0	0	0	0	0	0.04346293
2301	0	0	0	0	0	0	0	0	0	0.03814457
2302	0	0	0	0	0	0	0	0	0	0.03364145
2303	0	0	0	0	0	0	0	0	0	0.02971716
2304	0	0	0	0	0	0	0	0	0	0.02632442
2305	0	0	0	0	0	0	0	0	0	0.02347993
2306	0	0	0	0	0	0	0	0	0	0.02110982
2307	0	0	0	0	0	0	0	0	0	0.01908479
2308	0	0	0	0	0	0	0	0	0	0.01739904
2309	0	0	0	0	0	0	0	0	0	0.01436833
2310	0	0	0	0	0	0	0	0	0	0.01324747
2311	0	0	0	0	0	0	0	0	0	0.00950016
2312	0	0	0	0	0	0	0	0	0	0.00168860
2313	0	0	0	0	0	0	0	0	0	0
2314	0	0	0	0	0	0	0	0	0	0
2315	0	0	0	0	0	0	0	0	0	0
2316	0	0	0	0	0	0	0	0	0	0
2317	0	0	0	0	0	0	0	0	0	0
2318	0	0	0	0	0	0	0	0	0	0
2319	0	0	0	0	0	0	0	0	0	0
2320	0	0	0	0	0	0	0	0	0	0
2321	0	0	0	0	0	0	0	0	0	0
2322	0	0	0	0	0	0	0	0	0	0
2323	0	0	0	0	0	0	0	0	0	0
2324	0	0	0	0	0	0	0	0	0	0
2325	0	0	0	0	0	0	0	0	0	0
2326	0	0	0	0	0	0	0	0	0	0
2327	0	0	0	0	0	0	0	0	0	0
2328	0	0	0	0	0	0	0	0	0	0
2329	0	0	0	0	0	0	0	0	0	0
2330	0	0	0	0	0	0	0	0	0	0
2331	0	0	0	0	0	0	0	0	0	0
2332	0	0	0	0	0	0	0	0	0	0
2333	0	0	0	0	0	0	0	0	0	0
2334	0	0	0	0	0	0	0	0	0	0
2335	0	0	0	0	0	0	0	0	0	0
2336	0	0	0	0	0	0	0	0	0	0
2337	0	0	0	0	0	0	0	0	0	0
2338	0	0	0	0	0	0	0	0	0	0
2339	0	0	0	0	0	0	0	0	0	0
2340	0	0	0	0	0	0	0	0	0	0
2341	0	0	0	0	0	0	0	0	0	0
2342	0	0	0	0	0	0	0	0	0	0
2343	0	0	0	0	0	0	0	0	0	0
2344	0	0	0	0	0	0	0	0	0	0
2345	0	0	0	0	0	0	0	0	0	0
2346	0	0	0	0	0	0	0	0	0	0
2347	0	0	0	0	0	0	0	0	0	0
2348	0	0	0	0	0	0	0	0	0	0
2349	0	0	0	0	0	0	0	0	0	0
2350	0	0	0	0	0	0	0	0	0	0
2351	0	0	0	0	0	0	0	0	0	0
2352	0	0	0	0	0	0	0	0	0	0
2353	0	0	0	0	0	0	0	0	0	0
2354	0	0	0	0	0	0	0	0	0	0
2355	0	0	0	0	0	0	0	0	0	0
2356	0	0	0	0	0	0	0	0	0	0
2357	0	0	0	0	0	0	0	0	0	0
2358	0	0	0	0	0	0	0	0	0	0
2359	0	0	0	0	0	0	0	0	0	0
2360	0	0	0	0	0	0	0	0	0	0
2361	0	0	0	0	0	0	0	0	0	0
2362	0	0	0	0	0	0	0	0	0	0
2363	0	0	0	0	0	0	0	0	0	0
2364	0	0	0	0	0	0	0	0	0	0
2365	0	0	0	0	0	0	0	0	0	0
2366	0	0	0	0	0	0	0	0	0	0
2367	0	0	0	0	0	0	0	0	0	0
2368	0	0	0	0	0	0	0	0	0	0
2369	0	0	0	0	0	0	0	0	0	0
2370	0	0	0	0	0	0	0	0	0	0
2371	0	0	0	0	0	0	0	0	0	0
2372	0	0	0	0	0	0	0	0	0	0
2373	0	0	0	0	0	0	0	0	0	0
2374	0	0	0	0	0	0	0	0	0	0
2375	0	0	0	0	0	0	0	0	0	0
2376	0	0	0	0	0	0	0	0	0	0
2377	0	0	0	0	0	0	0	0	0	0
2378	0	0	0	0	0	0	0	0	0	0
2379	0	0	0	0	0	0	0	0	0	0
2380	0	0	0	0	0	0	0	0	0	0
2381	0	0	0	0	0	0	0	0	0	0
2382	0	0	0	0	0	0	0	0	0	0
2383	0	0	0	0	0	0	0	0	0	0
2384	0	0	0	0	0	0	0	0	0	0
2385	0	0	0	0	0	0	0	0	0	0
2386	0	0	0	0	0	0	0	0	0	0
2387	0	0	0	0	0	0	0	0	0	0
2388	0	0	0	0	0	0	0	0	0	0
2389	0	0	0	0	0	0	0	0	0	0
2390	0	0	0	0	0	0	0	0	0	0
2391	0	0	0	0	0	0	0	0	0	0
2392	0	0	0	0	0	0	0	0	0	0
2393	0	0	0	0	0	0	0	0	0	0
2394	0	0	0	0	0	0	0	0	0	0
2395	0	0	0	0	0	0	0	0	0	0
2396	0	0	0	0	0	0	0	0	0	0
2397	0	0	0	0	0	0	0	0	0	0
2398	0	0	0	0	0	0	0	0	0	0
2399	0	0	0	0	0	0	0	0	0	0
2400	0	0	0	0	0	0	0	0	0	0
2401	0	0	0	0	0	0	0	0	0	0
2402	0	0	0	0	0	0	0	0	0	0
2403	0	0	0	0	0	0	0	0	0	0
2404	0	0	0	0	0	0	0	0	0	0
2405	0	0	0	0	0	0	0	0	0	0
2406	0	0	0	0	0	0	0	0	0	0
2407	0	0	0	0	0	0	0	0	0	0
2408	0	0	0	0	0	0	0	0	0	0
2409	0	0	0	0	0	0	0	0	0	0
2410	0	0	0	0	0	0	0	0	0	0
2411	0	0	0	0	0	0	0	0	0	0
2412	0	0	0	0	0	0	0	0	0	0
2413	0	0	0	0	0	0	0	0	0	0
2414	0	0	0	0	0	0	0	0	0	0
2415	0	0	0	0	0	0	0	0	0	0
2416	0	0	0	0	0	0	0	0	0	0
2417	0	0	0	0	0	0	0	0	0	0
2418	0	0	0	0	0	0	0	0	0	0
2419	0	0	0	0	0	0	0	0	0	0
2420	0	0	0	0	0	0	0	0	0	0
2421	0	0	0	0	0	0	0	0	0	0
2422	0	0	0	0	0	0	0	0	0	0
2423	0	0	0	0	0	0	0	0	0	0
2424	0	0	0	0	0	0	0	0	0	0
2425	0	0	0	0	0	0	0	0	0	0
2426	0	0	0	0	0	0	0	0	0	0
2427	0	0	0	0	0	0	0	0	0	0
2428	0	0	0	0	0	0	0	0	0	0
2429	0	0	0	0	0	0	0	0	0	0
2430	0	0	0	0	0	0	0	0	0	0
2431	0	0	0	0	0	0	0	0	0	0
2432	0	0	0	0	0	0	0	0	0	0
2433	0	0	0	0	0	0	0	0	0	0
2434	0	0	0	0	0	0	0	0	0	0
2435	0	0	0	0	0	0	0	0	0	0
2436	0	0	0	0	0	0	0	0	0	0
2437	0	0	0	0	0	0	0	0	0	0
2438	0	0	0	0	0	0	0	0	0	0
2439	0	0	0	0	0	0	0	0	0	0
2440	0	0	0	0	0	0	0	0	0	0
2441	0	0	0	0	0	0	0	0	0	0
2442	0	0	0	0	0	0	0	0	0	0
2443	0	0	0	0	0	0	0	0	0	0
2444	0	0	0	0	0	0	0	0	0	0
2445	0	0	0	0	0	0	0	0	0	0
2446	0	0	0	0	0	0	0	0	0	0
2447	0	0	0	0	0	0	0	0	0	0
2448	0	0	0	0	0	0	0	0	0	0
2449	0	0	0	0	0	0	0	0	0	0
2450	0	0	0	0	0	0	0	0	0	0
2451	0	0	0	0	0	0	0	0	0	0
2452	0	0	0	0	0	0	0	0	0	0
2453	0	0	0	0	0	0	0	0	0	0
2454	0	0	0	0	0	0	0	0	0	0
2455	0	0	0	0	0	0	0	0	0	0
2456	0	0	0	0	0	0	0	0	0	0
2457	0	0	0	0	0	0	0	0	0	0
2458	0	0	0	0	0	0	0	0	0	0
2459	0	0	0	0	0	0	0	0	0	0
2460	0	0	0	0	0	0	0	0	0	0
2461	0	0	0	0	0	0	0	0	0	0
2462	0	0	0	0	0	0	0	0	0	0
2463	0	0	0	0	0	0	0	0	0	0
2464	0	0	0	0	0	0	0	0	0	0
2465	0	0	0	0	0	0	0	0	0	0
2466	0	0	0	0	0	0	0	0	0	0
2467	0	0	0	0	0	0	0	0	0	0
2468	0	0	0	0	0	0	0	0	0	0
2469	0	0	0	0	0	0	0	0	0	0
2470	0	0	0	0	0	0	0	0	0	0
2471	0	0	0	0	0	0	0	0	0	0
2472	0	0	0	0	0	0	0	0	0	0
2473	0	0	0	0	0	0	0	0	0	0
2474	0	0	0	0	0	0	0	0	0	0
2475	0	0	0	0	0	0	0	0	0	0
2476	0	0	0	0	0	0	0	0	0	0
2477	0	0	0	0	0	0	0	0	0	0
2478	0	0	0	0	0	0	0	0	0	0
2479	0	0	0	0	0	0	0	0	0	0
2480	0	0	0	0	0	0	0	0	0	0
2481	0	0	0	0	0	0	0	0	0	0
2482	0	0	0	0	0	0	0	0	0	0
2483	0	0	0	0	0	0	0	0	0	0
2484	0	0	0	0	0	0	0	0	0	0
2485	0	0	0	0	0	0	0	0	0	0
2486	0	0	0	0	0	0	0	0	0	0
2487	0	0	0	0	0	0	0	0	0	0
2488	0	0	0	0	0	0	0	0	0	0
2489	0	0	0	0	0	0	0	0	0	0
2490	0	0	0	0	0	0	0	0	0	0
2491	0	0	0	0	0	0	0	0	0	0
2492	0	0	0	0	0	0	0	0	0	0
2493	0	0	0	0	0	0	0	0	0	0
2494	0	0	0	0	0	0	0	0	0	0
2495	0	0	0	0	0	0	0	0	0	0
2496	0	0	0	0	0	0	0	0	0	0
2497	0	0	0	0	0	0	0	0	0	0
2498	0	0	0	0	0	0	0	0	0	0
2499	0	0	0	0	0	0	0	0	0	0
2500	0	0	0	0	0	0	0	0	0	0
2501	0	0	0	0	0	0	0	0	0	0
2502	0	0	0	0	0	0	0	0	0	0
2503	0	0	0	0	0	0	0	0	0	0
2504	0	0	0	0	0	0	0	0	0	0
2505	0	0	0	0	0	0	0	0	0	0
2506	0	0	0	0	0	0	0	0	0	0
2507	0	0	0	0	0	0	0	0	0	0
2508	0	0	0	0	0	0	0	0	0	0
2509	0	0	0	0	0	0	0	0	0	0
2510	0	0	0	0	0	0	0	0	0	0
2511	0	0	0	0	0	0	0	0	0	0
2512	0	0	0	0	0	0	0	0	0	0
2513	0	0	0	0	0	0	0	0	0	0
2514	0	0	0	0	0	0	0	0	0	0
2515	0	0	0	0	0	0	0	0	0	0
2516	0	0	0	0	0	0	0	0	0	0
2517	0	0	0	0	0	0	0	0	0	0
2518	0	0	0	0	0	0	0	0	0	0
2519	0	0	0	0	0	0	0	0	0	0
2520	0	0	0	0	0	0	0	0	0	0
2521	0	0	0	0	0	0	0	0	0	0
2522	0	0	0	0	0	0	0	0	0	0
2523	0	0	0	0	0	0	0	0	0	0
2524	0	0	0	0	0	0	0	0	0	0
2525	0	0	0	0	0	0	0	0	0	0
2526	0	0	0	0	0	0	0	0	0	0
2527	0	0	0	0	0	0	0	0	0	0
2528	0	0	0	0	0	0	0	0	0	0
2529	0	0	0	0	0	0	0	0	0	0
2530	0	0	0	0	0	0	0	0	0	0
2531	0	0	0	0	0	0	0	0	0	0
2532	0	0	0	0	0	0	0	0	0	0
2533	0	0	0	0	0	0	0	0	0	0
2534	0	0	0	0	0	0	0	0	0	0
2535	0	0	0	0	0	0	0	0	0	0
2536	0	0	0	0	0	0	0	0	0	0
2537	0	0	0	0	0	0	0	0	0	0
2538	0	0	0	0	0	0	0	0	0	0
2539	0	0	0	0	0	0	0	0	0	0
2540	0	0	0	0	0	0	0	0	0	0
2541	0	0	0	0	0	0	0	0	0	0
2542	0	0	0	0	0	0	0	0	0	0
2543	0	0	0	0	0	0	0	0	0	0
2544	0	0	0	0	0	0	0	0	0	0
2545	0	0	0	0	0	0	0	0	0	0
2546	0	0	0	0	0	0	0	0	0	0
2547	0	0	0	0	0	0	0	0	0	0
2548	0	0	0	0	0	0	0	0	0	0
2549	0	0	0	0	0	0	0	0	0	0
2550	0	0	0	0	0	0	0	0	0	0
2551	0	0	0	0	0	0	0	0	0	0
2552	0	0	0	0	0	0	0	0	0	0
2553	0	0	0	0	0	0	0	0	0	0
2554	0	0	0	0	0	0	0	0	0	0
2555	0	0	0	0	0	0	0	0	0	0
2556	0	0	0	0	0	0	0	0	0	0
2557	0	0	0	0	0	0	0	0	0	0
2558	0	0	0	0	0	0	0	0	0	0
2559	0	0	0	0	0	0	0	0	0	0
2560	0	0	0	0	0	0	0	0	0	0
2561	0	0	0	0	0	0	0	0	0	0
2562	0	0	0	0	0	0	0	0	0	0
2563	0	0	0	0	0	0	0	0	0	0
2564	0	0	0	0	0	0	0	0	0	0
2565	0	0	0	0	0	0	0	0	0	0
2566	0	0	0	0	0	0	0	0	0	0
2567	0	0	0	0	0	0	0	0	0	0
2568	0	0	0	0	0	0	0	0	0	0
2569	0	0	0	0	0	0	0	0	0	0
2570	0	0	0	0	0	0	0	0	0	0
2571	0	0	0	0	0	0	0	0	0	0
2572	0	0	0	0	0	0	0	0	0	0
2573	0	0	0	0	0	0	0	0	0	0
2574	0	0	0	0	0	0	0	0	0	0
2575	0	0	0	0	0	0	0	0	0	0
2576	0	0	0	0	0	0	0	0	0	0
2577	0	0	0	0	0	0	0	0	0	0
2578	0	0	0	0	0	0	0	0	0	0
2579	0	0	0	0	0	0	0	0	0	0
2580	0	0	0	0	0	0	0	0	0	0
2581	0	0	0	0	0	0	0	0	0	0
2582	0	0	0	0	0	0	0	0	0	0
2583	0	0	0	0	0	0	0	0	0	0
2584	0	0	0	0	0	0	0	0	0	0
2585	0	0	0	0	0	0	0	0	0	0
2586	0	0	0	0	0	0	0	0	0	0
2587	0	0	0	0	0	0	0	0	0	0
2588	0	0	0	0	0	0	0	0	0	0
2589	0	0	0	0	0	0	0	0	0	0
2590	0	0	0	0	0	0	0	0	0	0
2591	0	0	0	0	0	0	0	0	0	0
2592	0	0	0	0	0	0	0	0	0	0
2593	0	0	0	0	0	0	0	0	0	0
2594	0	0	0	0	0	0	0	0	0	0
2595	0	0	0	0	0	0	0	0	0	0
2596	0	0	0	0	0	0	0	0	0	0
2597	0	0	0	0	0	0	0	0	0	0
2598	0	0	0	0	0	0	0	0	0	0
2599	0	0	0	0	0	0	0	0	0	0
2600	0	0	0	0	0	0	0	0	0	0
